clip_id,speaker_id,fold
AVPEPUDEAC0001_readtext.wav,AVPEPUDEAC0001,0
AVPEPUDEAC0003_readtext.wav,AVPEPUDEAC0003,2
AVPEPUDEAC0004_readtext.wav,AVPEPUDEAC0004,2
AVPEPUDEAC0005_readtext.wav,AVPEPUDEAC0005,0
AVPEPUDEAC0006_readtext.wav,AVPEPUDEAC0006,1
AVPEPUDEAC0007_readtext.wav,AVPEPUDEAC0007,1
AVPEPUDEAC0008_readtext.wav,AVPEPUDEAC0008,3
AVPEPUDEAC0010_readtext.wav,AVPEPUDEAC0010,4
AVPEPUDEAC0011_readtext.wav,AVPEPUDEAC0011,1
AVPEPUDEAC0012_readtext.wav,AVPEPUDEAC0012,2
AVPEPUDEAC0013_readtext.wav,AVPEPUDEAC0013,4
AVPEPUDEAC0014_readtext.wav,AVPEPUDEAC0014,1
AVPEPUDEAC0015_readtext.wav,AVPEPUDEAC0015,2
AVPEPUDEAC0016_readtext.wav,AVPEPUDEAC0016,0
AVPEPUDEAC0017_readtext.wav,AVPEPUDEAC0017,0
AVPEPUDEAC0018_readtext.wav,AVPEPUDEAC0018,3
AVPEPUDEAC0019_readtext.wav,AVPEPUDEAC0019,1
AVPEPUDEAC0020_readtext.wav,AVPEPUDEAC0020,1
AVPEPUDEAC0021_readtext.wav,AVPEPUDEAC0021,3
AVPEPUDEAC0022_readtext.wav,AVPEPUDEAC0022,4
AVPEPUDEAC0023_readtext.wav,AVPEPUDEAC0023,3
AVPEPUDEAC0024_readtext.wav,AVPEPUDEAC0024,1
AVPEPUDEAC0025_readtext.wav,AVPEPUDEAC0025,1
AVPEPUDEAC0026_readtext.wav,AVPEPUDEAC0026,4
AVPEPUDEAC0027_readtext.wav,AVPEPUDEAC0027,3
AVPEPUDEAC0028_readtext.wav,AVPEPUDEAC0028,3
AVPEPUDEAC0029_readtext.wav,AVPEPUDEAC0029,2
AVPEPUDEAC0030_readtext.wav,AVPEPUDEAC0030,3
AVPEPUDEAC0031_readtext.wav,AVPEPUDEAC0031,3
AVPEPUDEAC0033_readtext.wav,AVPEPUDEAC0033,1
AVPEPUDEAC0034_readtext.wav,AVPEPUDEAC0034,4
AVPEPUDEAC0035_readtext.wav,AVPEPUDEAC0035,2
AVPEPUDEAC0037_readtext.wav,AVPEPUDEAC0037,4
AVPEPUDEAC0039_readtext.wav,AVPEPUDEAC0039,4
AVPEPUDEAC0040_readtext.wav,AVPEPUDEAC0040,4
AVPEPUDEAC0041_readtext.wav,AVPEPUDEAC0041,3
AVPEPUDEAC0042_readtext.wav,AVPEPUDEAC0042,1
AVPEPUDEAC0043_readtext.wav,AVPEPUDEAC0043,1
AVPEPUDEAC0044_readtext.wav,AVPEPUDEAC0044,2
AVPEPUDEAC0045_readtext.wav,AVPEPUDEAC0045,0
AVPEPUDEAC0046_readtext.wav,AVPEPUDEAC0046,0
AVPEPUDEAC0047_readtext.wav,AVPEPUDEAC0047,0
AVPEPUDEAC0048_readtext.wav,AVPEPUDEAC0048,4
AVPEPUDEAC0049_readtext.wav,AVPEPUDEAC0049,0
AVPEPUDEAC0050_readtext.wav,AVPEPUDEAC0050,3
AVPEPUDEAC0051_readtext.wav,AVPEPUDEAC0051,0
AVPEPUDEAC0052_readtext.wav,AVPEPUDEAC0052,3
AVPEPUDEAC0053_readtext.wav,AVPEPUDEAC0053,4
AVPEPUDEAC0054_readtext.wav,AVPEPUDEAC0054,4
AVPEPUDEAC0057_readtext.wav,AVPEPUDEAC0057,3
AVPEPUDEA0001_readtext.wav,AVPEPUDEA0001,0
AVPEPUDEA0002readtext.wav,AVPEPUDEA0002,2
AVPEPUDEA0003_readtext.wav,AVPEPUDEA0003,3
AVPEPUDEA0005_readtext.wav,AVPEPUDEA0005,3
AVPEPUDEA0006_readtext.wav,AVPEPUDEA0006,0
AVPEPUDEA0007_readtext.wav,AVPEPUDEA0007,1
AVPEPUDEA0008_readtext.wav,AVPEPUDEA0008,3
AVPEPUDEA0009_readtext.wav,AVPEPUDEA0009,1
AVPEPUDEA0010_readtext.wav,AVPEPUDEA0010,2
AVPEPUDEA0011_readtext.wav,AVPEPUDEA0011,0
AVPEPUDEA0013_readtext.wav,AVPEPUDEA0013,4
AVPEPUDEA0014_readtext.wav,AVPEPUDEA0014,0
AVPEPUDEA0015_readtext.wav,AVPEPUDEA0015,0
AVPEPUDEA0016_readtext.wav,AVPEPUDEA0016,3
AVPEPUDEA0017_readtext.wav,AVPEPUDEA0017,0
AVPEPUDEA0020_readtext.wav,AVPEPUDEA0020,0
AVPEPUDEA0021_readtext.wav,AVPEPUDEA0021,4
AVPEPUDEA0022_readtext.wav,AVPEPUDEA0022,4
AVPEPUDEA0023_readtext.wav,AVPEPUDEA0023,0
AVPEPUDEA0024_readtext.wav,AVPEPUDEA0024,1
AVPEPUDEA0025_readtext.wav,AVPEPUDEA0025,2
AVPEPUDEA0026_readtext.wav,AVPEPUDEA0026,2
AVPEPUDEA0027_readtext.wav,AVPEPUDEA0027,2
AVPEPUDEA0029_readtext.wav,AVPEPUDEA0029,3
AVPEPUDEA0030_readtext.wav,AVPEPUDEA0030,4
AVPEPUDEA0031_readtext.wav,AVPEPUDEA0031,4
AVPEPUDEA0032_readtext.wav,AVPEPUDEA0032,3
AVPEPUDEA0034_readtext.wav,AVPEPUDEA0034,1
AVPEPUDEA0035_readtext.wav,AVPEPUDEA0035,2
AVPEPUDEA0037_readtext.wav,AVPEPUDEA0037,0
AVPEPUDEA0038_readtext.wav,AVPEPUDEA0038,4
AVPEPUDEA0039_readtext.wav,AVPEPUDEA0039,1
AVPEPUDEA0041_readtext.wav,AVPEPUDEA0041,4
AVPEPUDEA0042_readtext.wav,AVPEPUDEA0042,2
AVPEPUDEA0043_readtext.wav,AVPEPUDEA0043,2
AVPEPUDEA0045_readtext.wav,AVPEPUDEA0045,2
AVPEPUDEA0046_readtext.wav,AVPEPUDEA0046,3
AVPEPUDEA0047_readtext.wav,AVPEPUDEA0047,1
AVPEPUDEA0048_readtext.wav,AVPEPUDEA0048,3
AVPEPUDEA0049_readtext.wav,AVPEPUDEA0049,1
AVPEPUDEA0050_readtext.wav,AVPEPUDEA0050,2
AVPEPUDEA0051_readtext.wav,AVPEPUDEA0051,4
AVPEPUDEA0052_readtext.wav,AVPEPUDEA0052,2
AVPEPUDEA0053_readtext.wav,AVPEPUDEA0053,0
AVPEPUDEA0054_readtext.wav,AVPEPUDEA0054,2
AVPEPUDEA0055_readtext.wav,AVPEPUDEA0055,0
AVPEPUDEA0056_readtext.wav,AVPEPUDEA0056,2
AVPEPUDEA0057_readtext.wav,AVPEPUDEA0057,1
AVPEPUDEA0058_readtext.wav,AVPEPUDEA0058,4
AVPEPUDEA0059_readtext.wav,AVPEPUDEA0059,1
AVPEPUDEAC0001_laura.wav,AVPEPUDEAC0001,0
AVPEPUDEAC0003_laura.wav,AVPEPUDEAC0003,2
AVPEPUDEAC0004_laura.wav,AVPEPUDEAC0004,2
AVPEPUDEAC0005_laura.wav,AVPEPUDEAC0005,0
AVPEPUDEAC0006_laura.wav,AVPEPUDEAC0006,1
AVPEPUDEAC0007_laura.wav,AVPEPUDEAC0007,1
AVPEPUDEAC0008_laura.wav,AVPEPUDEAC0008,3
AVPEPUDEAC0010_laura.wav,AVPEPUDEAC0010,4
AVPEPUDEAC0011_laura.wav,AVPEPUDEAC0011,1
AVPEPUDEAC0012_laura.wav,AVPEPUDEAC0012,2
AVPEPUDEAC0013_laura.wav,AVPEPUDEAC0013,4
AVPEPUDEAC0014_laura.wav,AVPEPUDEAC0014,1
AVPEPUDEAC0015_laura.wav,AVPEPUDEAC0015,2
AVPEPUDEAC0016_laura.wav,AVPEPUDEAC0016,0
AVPEPUDEAC0017_laura.wav,AVPEPUDEAC0017,0
AVPEPUDEAC0018_laura.wav,AVPEPUDEAC0018,3
AVPEPUDEAC0019_laura.wav,AVPEPUDEAC0019,1
AVPEPUDEAC0020_laura.wav,AVPEPUDEAC0020,1
AVPEPUDEAC0021_laura.wav,AVPEPUDEAC0021,3
AVPEPUDEAC0022_laura.wav,AVPEPUDEAC0022,4
AVPEPUDEAC0023_laura.wav,AVPEPUDEAC0023,3
AVPEPUDEAC0024_laura.wav,AVPEPUDEAC0024,1
AVPEPUDEAC0025_laura.wav,AVPEPUDEAC0025,1
AVPEPUDEAC0026_laura.wav,AVPEPUDEAC0026,4
AVPEPUDEAC0027_laura.wav,AVPEPUDEAC0027,3
AVPEPUDEAC0028_laura.wav,AVPEPUDEAC0028,3
AVPEPUDEAC0029_laura.wav,AVPEPUDEAC0029,2
AVPEPUDEAC0030_laura.wav,AVPEPUDEAC0030,3
AVPEPUDEAC0031_laura.wav,AVPEPUDEAC0031,3
AVPEPUDEAC0033_laura.wav,AVPEPUDEAC0033,1
AVPEPUDEAC0034_laura.wav,AVPEPUDEAC0034,4
AVPEPUDEAC0035_laura.wav,AVPEPUDEAC0035,2
AVPEPUDEAC0037_laura.wav,AVPEPUDEAC0037,4
AVPEPUDEAC0039_laura.wav,AVPEPUDEAC0039,4
AVPEPUDEAC0040_laura.wav,AVPEPUDEAC0040,4
AVPEPUDEAC0041_laura.wav,AVPEPUDEAC0041,3
AVPEPUDEAC0042_laura.wav,AVPEPUDEAC0042,1
AVPEPUDEAC0043_laura.wav,AVPEPUDEAC0043,1
AVPEPUDEAC0044_laura.wav,AVPEPUDEAC0044,2
AVPEPUDEAC0045_laura.wav,AVPEPUDEAC0045,0
AVPEPUDEAC0046_laura.wav,AVPEPUDEAC0046,0
AVPEPUDEAC0047_laura.wav,AVPEPUDEAC0047,0
AVPEPUDEAC0048_laura.wav,AVPEPUDEAC0048,4
AVPEPUDEAC0049_laura.wav,AVPEPUDEAC0049,0
AVPEPUDEAC0050_laura.wav,AVPEPUDEAC0050,3
AVPEPUDEAC0051_laura.wav,AVPEPUDEAC0051,0
AVPEPUDEAC0052_laura.wav,AVPEPUDEAC0052,3
AVPEPUDEAC0053_laura.wav,AVPEPUDEAC0053,4
AVPEPUDEAC0054_laura.wav,AVPEPUDEAC0054,4
AVPEPUDEAC0057_laura.wav,AVPEPUDEAC0057,3
AVPEPUDEA0001_laura.wav,AVPEPUDEA0001,0
AVPEPUDEA0002_laura.wav,AVPEPUDEA0002,2
AVPEPUDEA0003_laura.wav,AVPEPUDEA0003,3
AVPEPUDEA0005_laura.wav,AVPEPUDEA0005,3
AVPEPUDEA0006_laura.wav,AVPEPUDEA0006,0
AVPEPUDEA0007_laura.wav,AVPEPUDEA0007,1
AVPEPUDEA0008_laura.wav,AVPEPUDEA0008,3
AVPEPUDEA0009_laura.wav,AVPEPUDEA0009,1
AVPEPUDEA0010_laura.wav,AVPEPUDEA0010,2
AVPEPUDEA0011_laura.wav,AVPEPUDEA0011,0
AVPEPUDEA0013_laura.wav,AVPEPUDEA0013,4
AVPEPUDEA0014_laura.wav,AVPEPUDEA0014,0
AVPEPUDEA0015_laura.wav,AVPEPUDEA0015,0
AVPEPUDEA0016_laura.wav,AVPEPUDEA0016,3
AVPEPUDEA0017_laura.wav,AVPEPUDEA0017,0
AVPEPUDEA0020_laura.wav,AVPEPUDEA0020,0
AVPEPUDEA0021_laura.wav,AVPEPUDEA0021,4
AVPEPUDEA0022_laura.wav,AVPEPUDEA0022,4
AVPEPUDEA0023_laura.wav,AVPEPUDEA0023,0
AVPEPUDEA0024_laura.wav,AVPEPUDEA0024,1
AVPEPUDEA0025_laura.wav,AVPEPUDEA0025,2
AVPEPUDEA0026_laura.wav,AVPEPUDEA0026,2
AVPEPUDEA0027_laura.wav,AVPEPUDEA0027,2
AVPEPUDEA0029_laura.wav,AVPEPUDEA0029,3
AVPEPUDEA0030_laura.wav,AVPEPUDEA0030,4
AVPEPUDEA0031_laura.wav,AVPEPUDEA0031,4
AVPEPUDEA0032_laura.wav,AVPEPUDEA0032,3
AVPEPUDEA0034_laura.wav,AVPEPUDEA0034,1
AVPEPUDEA0035_laura.wav,AVPEPUDEA0035,2
AVPEPUDEA0037_laura.wav,AVPEPUDEA0037,0
AVPEPUDEA0038_laura.wav,AVPEPUDEA0038,4
AVPEPUDEA0039_laura.wav,AVPEPUDEA0039,1
AVPEPUDEA0041_laura.wav,AVPEPUDEA0041,4
AVPEPUDEA0042_laura.wav,AVPEPUDEA0042,2
AVPEPUDEA0043_laura.wav,AVPEPUDEA0043,2
AVPEPUDEA0045_laura.wav,AVPEPUDEA0045,2
AVPEPUDEA0046_laura.wav,AVPEPUDEA0046,3
AVPEPUDEA0047_laura.wav,AVPEPUDEA0047,1
AVPEPUDEA0048_laura.wav,AVPEPUDEA0048,3
AVPEPUDEA0049_laura.wav,AVPEPUDEA0049,1
AVPEPUDEA0050_laura.wav,AVPEPUDEA0050,2
AVPEPUDEA0051_laura.wav,AVPEPUDEA0051,4
AVPEPUDEA0052_laura.wav,AVPEPUDEA0052,2
AVPEPUDEA0053_laura.wav,AVPEPUDEA0053,0
AVPEPUDEA0054_laura.wav,AVPEPUDEA0054,2
AVPEPUDEA0055_laura.wav,AVPEPUDEA0055,0
AVPEPUDEA0056_laura.wav,AVPEPUDEA0056,2
AVPEPUDEA0057_laura.wav,AVPEPUDEA0057,1
AVPEPUDEA0058_laura.wav,AVPEPUDEA0058,4
AVPEPUDEA0059_laura.wav,AVPEPUDEA0059,1
AVPEPUDEAC0001_loslibros.wav,AVPEPUDEAC0001,0
AVPEPUDEAC0003_loslibros.wav,AVPEPUDEAC0003,2
AVPEPUDEAC0004_loslibros.wav,AVPEPUDEAC0004,2
AVPEPUDEAC0005_loslibros.wav,AVPEPUDEAC0005,0
AVPEPUDEAC0006_loslibros.wav,AVPEPUDEAC0006,1
AVPEPUDEAC0007_loslibros.wav,AVPEPUDEAC0007,1
AVPEPUDEAC0008_loslibros.wav,AVPEPUDEAC0008,3
AVPEPUDEAC0010_loslibros.wav,AVPEPUDEAC0010,4
AVPEPUDEAC0011_loslibros.wav,AVPEPUDEAC0011,1
AVPEPUDEAC0012_loslibros.wav,AVPEPUDEAC0012,2
AVPEPUDEAC0013_loslibros.wav,AVPEPUDEAC0013,4
AVPEPUDEAC0014_loslibros.wav,AVPEPUDEAC0014,1
AVPEPUDEAC0015_loslibros.wav,AVPEPUDEAC0015,2
AVPEPUDEAC0016_loslibros.wav,AVPEPUDEAC0016,0
AVPEPUDEAC0017_loslibros.wav,AVPEPUDEAC0017,0
AVPEPUDEAC0018_loslibros.wav,AVPEPUDEAC0018,3
AVPEPUDEAC0019_loslibros.wav,AVPEPUDEAC0019,1
AVPEPUDEAC0020_loslibros.wav,AVPEPUDEAC0020,1
AVPEPUDEAC0021_loslibros.wav,AVPEPUDEAC0021,3
AVPEPUDEAC0022_loslibros.wav,AVPEPUDEAC0022,4
AVPEPUDEAC0023_loslibros.wav,AVPEPUDEAC0023,3
AVPEPUDEAC0024_loslibros.wav,AVPEPUDEAC0024,1
AVPEPUDEAC0025_loslibros.wav,AVPEPUDEAC0025,1
AVPEPUDEAC0026_loslibros.wav,AVPEPUDEAC0026,4
AVPEPUDEAC0027_loslibros.wav,AVPEPUDEAC0027,3
AVPEPUDEAC0028_loslibros.wav,AVPEPUDEAC0028,3
AVPEPUDEAC0029_loslibros.wav,AVPEPUDEAC0029,2
AVPEPUDEAC0030_loslibros.wav,AVPEPUDEAC0030,3
AVPEPUDEAC0031_loslibros.wav,AVPEPUDEAC0031,3
AVPEPUDEAC0033_loslibros.wav,AVPEPUDEAC0033,1
AVPEPUDEAC0034_loslibros.wav,AVPEPUDEAC0034,4
AVPEPUDEAC0035_loslibros.wav,AVPEPUDEAC0035,2
AVPEPUDEAC0037_loslibros.wav,AVPEPUDEAC0037,4
AVPEPUDEAC0039_loslibros.wav,AVPEPUDEAC0039,4
AVPEPUDEAC0040_loslibros.wav,AVPEPUDEAC0040,4
AVPEPUDEAC0041_loslibros.wav,AVPEPUDEAC0041,3
AVPEPUDEAC0042_loslibros.wav,AVPEPUDEAC0042,1
AVPEPUDEAC0043_loslibros.wav,AVPEPUDEAC0043,1
AVPEPUDEAC0044_loslibros.wav,AVPEPUDEAC0044,2
AVPEPUDEAC0045_loslibros.wav,AVPEPUDEAC0045,0
AVPEPUDEAC0046_loslibros.wav,AVPEPUDEAC0046,0
AVPEPUDEAC0047_loslibros.wav,AVPEPUDEAC0047,0
AVPEPUDEAC0048_loslibros.wav,AVPEPUDEAC0048,4
AVPEPUDEAC0049_loslibros.wav,AVPEPUDEAC0049,0
AVPEPUDEAC0050_loslibros.wav,AVPEPUDEAC0050,3
AVPEPUDEAC0051_loslibros.wav,AVPEPUDEAC0051,0
AVPEPUDEAC0052_loslibros.wav,AVPEPUDEAC0052,3
AVPEPUDEAC0053_loslibros.wav,AVPEPUDEAC0053,4
AVPEPUDEAC0054_loslibros.wav,AVPEPUDEAC0054,4
AVPEPUDEAC0057_loslibros.wav,AVPEPUDEAC0057,3
AVPEPUDEA0001_loslibros.wav,AVPEPUDEA0001,0
AVPEPUDEA0002_loslibros.wav,AVPEPUDEA0002,2
AVPEPUDEA0003_loslibros.wav,AVPEPUDEA0003,3
AVPEPUDEA0005_loslibros.wav,AVPEPUDEA0005,3
AVPEPUDEA0006_loslibros.wav,AVPEPUDEA0006,0
AVPEPUDEA0007_loslibros.wav,AVPEPUDEA0007,1
AVPEPUDEA0008_loslibros.wav,AVPEPUDEA0008,3
AVPEPUDEA0009_loslibros.wav,AVPEPUDEA0009,1
AVPEPUDEA0010_loslibros.wav,AVPEPUDEA0010,2
AVPEPUDEA0011_loslibros.wav,AVPEPUDEA0011,0
AVPEPUDEA0013_loslibros.wav,AVPEPUDEA0013,4
AVPEPUDEA0014_loslibros.wav,AVPEPUDEA0014,0
AVPEPUDEA0015_loslibros.wav,AVPEPUDEA0015,0
AVPEPUDEA0016_loslibros.wav,AVPEPUDEA0016,3
AVPEPUDEA0017_loslibros.wav,AVPEPUDEA0017,0
AVPEPUDEA0020_loslibros.wav,AVPEPUDEA0020,0
AVPEPUDEA0021_loslibros.wav,AVPEPUDEA0021,4
AVPEPUDEA0022_loslibros.wav,AVPEPUDEA0022,4
AVPEPUDEA0023_loslibros.wav,AVPEPUDEA0023,0
AVPEPUDEA0024_loslibros.wav,AVPEPUDEA0024,1
AVPEPUDEA0025_loslibros.wav,AVPEPUDEA0025,2
AVPEPUDEA0026_loslibros.wav,AVPEPUDEA0026,2
AVPEPUDEA0027_loslibros.wav,AVPEPUDEA0027,2
AVPEPUDEA0029_loslibros.wav,AVPEPUDEA0029,3
AVPEPUDEA0030_loslibros.wav,AVPEPUDEA0030,4
AVPEPUDEA0031_loslibros.wav,AVPEPUDEA0031,4
AVPEPUDEA0032_loslibros.wav,AVPEPUDEA0032,3
AVPEPUDEA0034_loslibros.wav,AVPEPUDEA0034,1
AVPEPUDEA0035_loslibros.wav,AVPEPUDEA0035,2
AVPEPUDEA0037_loslibros.wav,AVPEPUDEA0037,0
AVPEPUDEA0038_loslibros.wav,AVPEPUDEA0038,4
AVPEPUDEA0039_loslibros.wav,AVPEPUDEA0039,1
AVPEPUDEA0041_loslibros.wav,AVPEPUDEA0041,4
AVPEPUDEA0042_loslibros.wav,AVPEPUDEA0042,2
AVPEPUDEA0043_loslibros.wav,AVPEPUDEA0043,2
AVPEPUDEA0045_loslibros.wav,AVPEPUDEA0045,2
AVPEPUDEA0046_loslibros.wav,AVPEPUDEA0046,3
AVPEPUDEA0047_loslibros.wav,AVPEPUDEA0047,1
AVPEPUDEA0048_loslibros.wav,AVPEPUDEA0048,3
AVPEPUDEA0049_loslibros.wav,AVPEPUDEA0049,1
AVPEPUDEA0050_loslibros.wav,AVPEPUDEA0050,2
AVPEPUDEA0051_loslibros.wav,AVPEPUDEA0051,4
AVPEPUDEA0052_loslibros.wav,AVPEPUDEA0052,2
AVPEPUDEA0053_loslibros.wav,AVPEPUDEA0053,0
AVPEPUDEA0054_loslibros.wav,AVPEPUDEA0054,2
AVPEPUDEA0055_loslibros.wav,AVPEPUDEA0055,0
AVPEPUDEA0056_loslibros.wav,AVPEPUDEA0056,2
AVPEPUDEA0057_loslibros.wav,AVPEPUDEA0057,1
AVPEPUDEA0058_loslibros.wav,AVPEPUDEA0058,4
AVPEPUDEA0059_loslibros.wav,AVPEPUDEA0059,1
AVPEPUDEAC0001_luisa.wav,AVPEPUDEAC0001,0
AVPEPUDEAC0003_luisa.wav,AVPEPUDEAC0003,2
AVPEPUDEAC0004_luisa.wav,AVPEPUDEAC0004,2
AVPEPUDEAC0005_luisa.wav,AVPEPUDEAC0005,0
AVPEPUDEAC0006_luisa.wav,AVPEPUDEAC0006,1
AVPEPUDEAC0007_luisa.wav,AVPEPUDEAC0007,1
AVPEPUDEAC0008_luisa.wav,AVPEPUDEAC0008,3
AVPEPUDEAC0010_luisa.wav,AVPEPUDEAC0010,4
AVPEPUDEAC0011_luisa.wav,AVPEPUDEAC0011,1
AVPEPUDEAC0012_luisa.wav,AVPEPUDEAC0012,2
AVPEPUDEAC0013_luisa.wav,AVPEPUDEAC0013,4
AVPEPUDEAC0014_luisa.wav,AVPEPUDEAC0014,1
AVPEPUDEAC0015_luisa.wav,AVPEPUDEAC0015,2
AVPEPUDEAC0016_luisa.wav,AVPEPUDEAC0016,0
AVPEPUDEAC0017_luisa.wav,AVPEPUDEAC0017,0
AVPEPUDEAC0018_luisa.wav,AVPEPUDEAC0018,3
AVPEPUDEAC0019_luisa.wav,AVPEPUDEAC0019,1
AVPEPUDEAC0020_luisa.wav,AVPEPUDEAC0020,1
AVPEPUDEAC0021_luisa.wav,AVPEPUDEAC0021,3
AVPEPUDEAC0022_luisa.wav,AVPEPUDEAC0022,4
AVPEPUDEAC0023_luisa.wav,AVPEPUDEAC0023,3
AVPEPUDEAC0024_luisa.wav,AVPEPUDEAC0024,1
AVPEPUDEAC0025_luisa.wav,AVPEPUDEAC0025,1
AVPEPUDEAC0026_luisa.wav,AVPEPUDEAC0026,4
AVPEPUDEAC0027_luisa.wav,AVPEPUDEAC0027,3
AVPEPUDEAC0028_luisa.wav,AVPEPUDEAC0028,3
AVPEPUDEAC0029_luisa.wav,AVPEPUDEAC0029,2
AVPEPUDEAC0030_luisa.wav,AVPEPUDEAC0030,3
AVPEPUDEAC0031_luisa.wav,AVPEPUDEAC0031,3
AVPEPUDEAC0033_luisa.wav,AVPEPUDEAC0033,1
AVPEPUDEAC0034_luisa.wav,AVPEPUDEAC0034,4
AVPEPUDEAC0035_luisa.wav,AVPEPUDEAC0035,2
AVPEPUDEAC0037_luisa.wav,AVPEPUDEAC0037,4
AVPEPUDEAC0039_luisa.wav,AVPEPUDEAC0039,4
AVPEPUDEAC0040_luisa.wav,AVPEPUDEAC0040,4
AVPEPUDEAC0041_luisa.wav,AVPEPUDEAC0041,3
AVPEPUDEAC0042_luisa.wav,AVPEPUDEAC0042,1
AVPEPUDEAC0043_luisa.wav,AVPEPUDEAC0043,1
AVPEPUDEAC0044_luisa.wav,AVPEPUDEAC0044,2
AVPEPUDEAC0045_luisa.wav,AVPEPUDEAC0045,0
AVPEPUDEAC0046_luisa.wav,AVPEPUDEAC0046,0
AVPEPUDEAC0047_luisa.wav,AVPEPUDEAC0047,0
AVPEPUDEAC0048_luisa.wav,AVPEPUDEAC0048,4
AVPEPUDEAC0049_luisa.wav,AVPEPUDEAC0049,0
AVPEPUDEAC0050_luisa.wav,AVPEPUDEAC0050,3
AVPEPUDEAC0051_luisa.wav,AVPEPUDEAC0051,0
AVPEPUDEAC0052_luisa.wav,AVPEPUDEAC0052,3
AVPEPUDEAC0053_luisa.wav,AVPEPUDEAC0053,4
AVPEPUDEAC0054_luisa.wav,AVPEPUDEAC0054,4
AVPEPUDEAC0057_luisa.wav,AVPEPUDEAC0057,3
AVPEPUDEA0001_luisa.wav,AVPEPUDEA0001,0
AVPEPUDEA0002_luisa.wav,AVPEPUDEA0002,2
AVPEPUDEA0003_luisa.wav,AVPEPUDEA0003,3
AVPEPUDEA0005_luisa.wav,AVPEPUDEA0005,3
AVPEPUDEA0006_luisa.wav,AVPEPUDEA0006,0
AVPEPUDEA0007_luisa.wav,AVPEPUDEA0007,1
AVPEPUDEA0008_luisa.wav,AVPEPUDEA0008,3
AVPEPUDEA0009_luisa.wav,AVPEPUDEA0009,1
AVPEPUDEA0010_luisa.wav,AVPEPUDEA0010,2
AVPEPUDEA0011_luisa.wav,AVPEPUDEA0011,0
AVPEPUDEA0013_luisa.wav,AVPEPUDEA0013,4
AVPEPUDEA0014_luisa.wav,AVPEPUDEA0014,0
AVPEPUDEA0015_luisa.wav,AVPEPUDEA0015,0
AVPEPUDEA0016_luisa.wav,AVPEPUDEA0016,3
AVPEPUDEA0017_luisa.wav,AVPEPUDEA0017,0
AVPEPUDEA0020_luisa.wav,AVPEPUDEA0020,0
AVPEPUDEA0021_luisa.wav,AVPEPUDEA0021,4
AVPEPUDEA0022_luisa.wav,AVPEPUDEA0022,4
AVPEPUDEA0023_luisa.wav,AVPEPUDEA0023,0
AVPEPUDEA0024_luisa.wav,AVPEPUDEA0024,1
AVPEPUDEA0025_luisa.wav,AVPEPUDEA0025,2
AVPEPUDEA0026_luisa.wav,AVPEPUDEA0026,2
AVPEPUDEA0027_luisa.wav,AVPEPUDEA0027,2
AVPEPUDEA0029_luisa.wav,AVPEPUDEA0029,3
AVPEPUDEA0030_luisa.wav,AVPEPUDEA0030,4
AVPEPUDEA0031_luisa.wav,AVPEPUDEA0031,4
AVPEPUDEA0032_luisa.wav,AVPEPUDEA0032,3
AVPEPUDEA0034_luisa.wav,AVPEPUDEA0034,1
AVPEPUDEA0035_luisa.wav,AVPEPUDEA0035,2
AVPEPUDEA0037_luisa.wav,AVPEPUDEA0037,0
AVPEPUDEA0038_luisa.wav,AVPEPUDEA0038,4
AVPEPUDEA0039_luisa.wav,AVPEPUDEA0039,1
AVPEPUDEA0041_luisa.wav,AVPEPUDEA0041,4
AVPEPUDEA0042_luisa.wav,AVPEPUDEA0042,2
AVPEPUDEA0043_luisa.wav,AVPEPUDEA0043,2
AVPEPUDEA0045_luisa.wav,AVPEPUDEA0045,2
AVPEPUDEA0046_luisa.wav,AVPEPUDEA0046,3
AVPEPUDEA0047_luisa.wav,AVPEPUDEA0047,1
AVPEPUDEA0048_luisa.wav,AVPEPUDEA0048,3
AVPEPUDEA0049_luisa.wav,AVPEPUDEA0049,1
AVPEPUDEA0050_luisa.wav,AVPEPUDEA0050,2
AVPEPUDEA0051_luisa.wav,AVPEPUDEA0051,4
AVPEPUDEA0052_luisa.wav,AVPEPUDEA0052,2
AVPEPUDEA0053_luisa.wav,AVPEPUDEA0053,0
AVPEPUDEA0054_luisa.wav,AVPEPUDEA0054,2
AVPEPUDEA0055_luisa.wav,AVPEPUDEA0055,0
AVPEPUDEA0056_luisa.wav,AVPEPUDEA0056,2
AVPEPUDEA0057_luisa.wav,AVPEPUDEA0057,1
AVPEPUDEA0058_luisa.wav,AVPEPUDEA0058,4
AVPEPUDEA0059_luisa.wav,AVPEPUDEA0059,1
AVPEPUDEAC0001_micasa.wav,AVPEPUDEAC0001,0
AVPEPUDEAC0003_micasa.wav,AVPEPUDEAC0003,2
AVPEPUDEAC0004_micasa.wav,AVPEPUDEAC0004,2
AVPEPUDEAC0005_micasa.wav,AVPEPUDEAC0005,0
AVPEPUDEAC0006_micasa.wav,AVPEPUDEAC0006,1
AVPEPUDEAC0007_micasa.wav,AVPEPUDEAC0007,1
AVPEPUDEAC0008_micasa.wav,AVPEPUDEAC0008,3
AVPEPUDEAC0010_micasa.wav,AVPEPUDEAC0010,4
AVPEPUDEAC0011_micasa.wav,AVPEPUDEAC0011,1
AVPEPUDEAC0012_micasa.wav,AVPEPUDEAC0012,2
AVPEPUDEAC0013_micasa.wav,AVPEPUDEAC0013,4
AVPEPUDEAC0014_micasa.wav,AVPEPUDEAC0014,1
AVPEPUDEAC0015_micasa.wav,AVPEPUDEAC0015,2
AVPEPUDEAC0016_micasa.wav,AVPEPUDEAC0016,0
AVPEPUDEAC0017_micasa.wav,AVPEPUDEAC0017,0
AVPEPUDEAC0018_micasa.wav,AVPEPUDEAC0018,3
AVPEPUDEAC0019_micasa.wav,AVPEPUDEAC0019,1
AVPEPUDEAC0020_micasa.wav,AVPEPUDEAC0020,1
AVPEPUDEAC0021_micasa.wav,AVPEPUDEAC0021,3
AVPEPUDEAC0022_micasa.wav,AVPEPUDEAC0022,4
AVPEPUDEAC0023_micasa.wav,AVPEPUDEAC0023,3
AVPEPUDEAC0024_micasa.wav,AVPEPUDEAC0024,1
AVPEPUDEAC0025_micasa.wav,AVPEPUDEAC0025,1
AVPEPUDEAC0026_micasa.wav,AVPEPUDEAC0026,4
AVPEPUDEAC0027_micasa.wav,AVPEPUDEAC0027,3
AVPEPUDEAC0028_micasa.wav,AVPEPUDEAC0028,3
AVPEPUDEAC0029_micasa.wav,AVPEPUDEAC0029,2
AVPEPUDEAC0030_micasa.wav,AVPEPUDEAC0030,3
AVPEPUDEAC0031_micasa.wav,AVPEPUDEAC0031,3
AVPEPUDEAC0033_micasa.wav,AVPEPUDEAC0033,1
AVPEPUDEAC0034_micasa.wav,AVPEPUDEAC0034,4
AVPEPUDEAC0035_micasa.wav,AVPEPUDEAC0035,2
AVPEPUDEAC0037_micasa.wav,AVPEPUDEAC0037,4
AVPEPUDEAC0039_micasa.wav,AVPEPUDEAC0039,4
AVPEPUDEAC0040_micasa.wav,AVPEPUDEAC0040,4
AVPEPUDEAC0041_micasa.wav,AVPEPUDEAC0041,3
AVPEPUDEAC0042_micasa.wav,AVPEPUDEAC0042,1
AVPEPUDEAC0043_micasa.wav,AVPEPUDEAC0043,1
AVPEPUDEAC0044_micasa.wav,AVPEPUDEAC0044,2
AVPEPUDEAC0045_micasa.wav,AVPEPUDEAC0045,0
AVPEPUDEAC0046_micasa.wav,AVPEPUDEAC0046,0
AVPEPUDEAC0047_micasa.wav,AVPEPUDEAC0047,0
AVPEPUDEAC0048_micasa.wav,AVPEPUDEAC0048,4
AVPEPUDEAC0049_micasa.wav,AVPEPUDEAC0049,0
AVPEPUDEAC0050_micasa.wav,AVPEPUDEAC0050,3
AVPEPUDEAC0051_micasa.wav,AVPEPUDEAC0051,0
AVPEPUDEAC0052_micasa.wav,AVPEPUDEAC0052,3
AVPEPUDEAC0053_micasa.wav,AVPEPUDEAC0053,4
AVPEPUDEAC0054_micasa.wav,AVPEPUDEAC0054,4
AVPEPUDEAC0057_micasa.wav,AVPEPUDEAC0057,3
AVPEPUDEA0001_micasa.wav,AVPEPUDEA0001,0
AVPEPUDEA0002_micasa.wav,AVPEPUDEA0002,2
AVPEPUDEA0003_micasa.wav,AVPEPUDEA0003,3
AVPEPUDEA0005_micasa.wav,AVPEPUDEA0005,3
AVPEPUDEA0006_micasa.wav,AVPEPUDEA0006,0
AVPEPUDEA0007_micasa.wav,AVPEPUDEA0007,1
AVPEPUDEA0008_micasa.wav,AVPEPUDEA0008,3
AVPEPUDEA0009_micasa.wav,AVPEPUDEA0009,1
AVPEPUDEA0010_micasa.wav,AVPEPUDEA0010,2
AVPEPUDEA0011_micasa.wav,AVPEPUDEA0011,0
AVPEPUDEA0013_micasa.wav,AVPEPUDEA0013,4
AVPEPUDEA0014_micasa.wav,AVPEPUDEA0014,0
AVPEPUDEA0015_micasa.wav,AVPEPUDEA0015,0
AVPEPUDEA0016_micasa.wav,AVPEPUDEA0016,3
AVPEPUDEA0017_micasa.wav,AVPEPUDEA0017,0
AVPEPUDEA0020_micasa.wav,AVPEPUDEA0020,0
AVPEPUDEA0021_micasa.wav,AVPEPUDEA0021,4
AVPEPUDEA0022_micasa.wav,AVPEPUDEA0022,4
AVPEPUDEA0023_micasa.wav,AVPEPUDEA0023,0
AVPEPUDEA0024_micasa.wav,AVPEPUDEA0024,1
AVPEPUDEA0025_micasa.wav,AVPEPUDEA0025,2
AVPEPUDEA0026_micasa.wav,AVPEPUDEA0026,2
AVPEPUDEA0027_micasa.wav,AVPEPUDEA0027,2
AVPEPUDEA0029_micasa.wav,AVPEPUDEA0029,3
AVPEPUDEA0030_micasa.wav,AVPEPUDEA0030,4
AVPEPUDEA0031_micasa.wav,AVPEPUDEA0031,4
AVPEPUDEA0032_micasa.wav,AVPEPUDEA0032,3
AVPEPUDEA0034_micasa.wav,AVPEPUDEA0034,1
AVPEPUDEA0035_micasa.wav,AVPEPUDEA0035,2
AVPEPUDEA0037_micasa.wav,AVPEPUDEA0037,0
AVPEPUDEA0038_micasa.wav,AVPEPUDEA0038,4
AVPEPUDEA0039_micasa.wav,AVPEPUDEA0039,1
AVPEPUDEA0041_micasa.wav,AVPEPUDEA0041,4
AVPEPUDEA0042_micasa.wav,AVPEPUDEA0042,2
AVPEPUDEA0043_micasa.wav,AVPEPUDEA0043,2
AVPEPUDEA0045_micasa.wav,AVPEPUDEA0045,2
AVPEPUDEA0046_micasa.wav,AVPEPUDEA0046,3
AVPEPUDEA0047_micasa.wav,AVPEPUDEA0047,1
AVPEPUDEA0048_micasa.wav,AVPEPUDEA0048,3
AVPEPUDEA0049_micasa.wav,AVPEPUDEA0049,1
AVPEPUDEA0050_micasa.wav,AVPEPUDEA0050,2
AVPEPUDEA0051_micasa.wav,AVPEPUDEA0051,4
AVPEPUDEA0052_micasa.wav,AVPEPUDEA0052,2
AVPEPUDEA0053_micasa.wav,AVPEPUDEA0053,0
AVPEPUDEA0054_micasa.wav,AVPEPUDEA0054,2
AVPEPUDEA0055_micasa.wav,AVPEPUDEA0055,0
AVPEPUDEA0056_micasa.wav,AVPEPUDEA0056,2
AVPEPUDEA0057_micasa.wav,AVPEPUDEA0057,1
AVPEPUDEA0058_micasa.wav,AVPEPUDEA0058,4
AVPEPUDEA0059_micasa.wav,AVPEPUDEA0059,1
AVPEPUDEAC0001_omar.wav,AVPEPUDEAC0001,0
AVPEPUDEAC0003_omar.wav,AVPEPUDEAC0003,2
AVPEPUDEAC0004_omar.wav,AVPEPUDEAC0004,2
AVPEPUDEAC0005_omar.wav,AVPEPUDEAC0005,0
AVPEPUDEAC0006_omar.wav,AVPEPUDEAC0006,1
AVPEPUDEAC0007_omar.wav,AVPEPUDEAC0007,1
AVPEPUDEAC0008_omar.wav,AVPEPUDEAC0008,3
AVPEPUDEAC0010_omar.wav,AVPEPUDEAC0010,4
AVPEPUDEAC0011_omar.wav,AVPEPUDEAC0011,1
AVPEPUDEAC0012_omar.wav,AVPEPUDEAC0012,2
AVPEPUDEAC0013_omar.wav,AVPEPUDEAC0013,4
AVPEPUDEAC0014_omar.wav,AVPEPUDEAC0014,1
AVPEPUDEAC0015_omar.wav,AVPEPUDEAC0015,2
AVPEPUDEAC0016_omar.wav,AVPEPUDEAC0016,0
AVPEPUDEAC0017_omar.wav,AVPEPUDEAC0017,0
AVPEPUDEAC0018_omar.wav,AVPEPUDEAC0018,3
AVPEPUDEAC0019_omar.wav,AVPEPUDEAC0019,1
AVPEPUDEAC0020_omar.wav,AVPEPUDEAC0020,1
AVPEPUDEAC0021_omar.wav,AVPEPUDEAC0021,3
AVPEPUDEAC0022_omar.wav,AVPEPUDEAC0022,4
AVPEPUDEAC0023_omar.wav,AVPEPUDEAC0023,3
AVPEPUDEAC0024_omar.wav,AVPEPUDEAC0024,1
AVPEPUDEAC0025_omar.wav,AVPEPUDEAC0025,1
AVPEPUDEAC0026_omar.wav,AVPEPUDEAC0026,4
AVPEPUDEAC0027_omar.wav,AVPEPUDEAC0027,3
AVPEPUDEAC0028_omar.wav,AVPEPUDEAC0028,3
AVPEPUDEAC0029_omar.wav,AVPEPUDEAC0029,2
AVPEPUDEAC0030_omar.wav,AVPEPUDEAC0030,3
AVPEPUDEAC0031_omar.wav,AVPEPUDEAC0031,3
AVPEPUDEAC0033_omar.wav,AVPEPUDEAC0033,1
AVPEPUDEAC0034_omar.wav,AVPEPUDEAC0034,4
AVPEPUDEAC0035_omar.wav,AVPEPUDEAC0035,2
AVPEPUDEAC0037_omar.wav,AVPEPUDEAC0037,4
AVPEPUDEAC0039_omar.wav,AVPEPUDEAC0039,4
AVPEPUDEAC0040_omar.wav,AVPEPUDEAC0040,4
AVPEPUDEAC0041_omar.wav,AVPEPUDEAC0041,3
AVPEPUDEAC0042_omar.wav,AVPEPUDEAC0042,1
AVPEPUDEAC0043_omar.wav,AVPEPUDEAC0043,1
AVPEPUDEAC0044_omar.wav,AVPEPUDEAC0044,2
AVPEPUDEAC0045_omar.wav,AVPEPUDEAC0045,0
AVPEPUDEAC0046_omar.wav,AVPEPUDEAC0046,0
AVPEPUDEAC0047_omar.wav,AVPEPUDEAC0047,0
AVPEPUDEAC0048_omar.wav,AVPEPUDEAC0048,4
AVPEPUDEAC0049_omar.wav,AVPEPUDEAC0049,0
AVPEPUDEAC0050_omar.wav,AVPEPUDEAC0050,3
AVPEPUDEAC0051_omar.wav,AVPEPUDEAC0051,0
AVPEPUDEAC0052_omar.wav,AVPEPUDEAC0052,3
AVPEPUDEAC0053_omar.wav,AVPEPUDEAC0053,4
AVPEPUDEAC0054_omar.wav,AVPEPUDEAC0054,4
AVPEPUDEAC0057_omar.wav,AVPEPUDEAC0057,3
AVPEPUDEA0001_omar.wav,AVPEPUDEA0001,0
AVPEPUDEA0002_omar.wav,AVPEPUDEA0002,2
AVPEPUDEA0003_omar.wav,AVPEPUDEA0003,3
AVPEPUDEA0005_omar.wav,AVPEPUDEA0005,3
AVPEPUDEA0006_omar.wav,AVPEPUDEA0006,0
AVPEPUDEA0007_omar.wav,AVPEPUDEA0007,1
AVPEPUDEA0008_omar.wav,AVPEPUDEA0008,3
AVPEPUDEA0009_omar.wav,AVPEPUDEA0009,1
AVPEPUDEA0010_omar.wav,AVPEPUDEA0010,2
AVPEPUDEA0011_omar.wav,AVPEPUDEA0011,0
AVPEPUDEA0013_omar.wav,AVPEPUDEA0013,4
AVPEPUDEA0014_omar.wav,AVPEPUDEA0014,0
AVPEPUDEA0015_omar.wav,AVPEPUDEA0015,0
AVPEPUDEA0016_omar.wav,AVPEPUDEA0016,3
AVPEPUDEA0017_omar.wav,AVPEPUDEA0017,0
AVPEPUDEA0020_omar.wav,AVPEPUDEA0020,0
AVPEPUDEA0021_omar.wav,AVPEPUDEA0021,4
AVPEPUDEA0022_omar.wav,AVPEPUDEA0022,4
AVPEPUDEA0023_omar.wav,AVPEPUDEA0023,0
AVPEPUDEA0024_omar.wav,AVPEPUDEA0024,1
AVPEPUDEA0025_omar.wav,AVPEPUDEA0025,2
AVPEPUDEA0026_omar.wav,AVPEPUDEA0026,2
AVPEPUDEA0027_omar.wav,AVPEPUDEA0027,2
AVPEPUDEA0029_omar.wav,AVPEPUDEA0029,3
AVPEPUDEA0030_omar.wav,AVPEPUDEA0030,4
AVPEPUDEA0031_omar.wav,AVPEPUDEA0031,4
AVPEPUDEA0032_omar.wav,AVPEPUDEA0032,3
AVPEPUDEA0034_omar.wav,AVPEPUDEA0034,1
AVPEPUDEA0035_omar.wav,AVPEPUDEA0035,2
AVPEPUDEA0037_omar.wav,AVPEPUDEA0037,0
AVPEPUDEA0038_omar.wav,AVPEPUDEA0038,4
AVPEPUDEA0039_omar.wav,AVPEPUDEA0039,1
AVPEPUDEA0041_omar.wav,AVPEPUDEA0041,4
AVPEPUDEA0042_omar.wav,AVPEPUDEA0042,2
AVPEPUDEA0043_omar.wav,AVPEPUDEA0043,2
AVPEPUDEA0045_omar.wav,AVPEPUDEA0045,2
AVPEPUDEA0046_omar.wav,AVPEPUDEA0046,3
AVPEPUDEA0047_omar.wav,AVPEPUDEA0047,1
AVPEPUDEA0048_omar.wav,AVPEPUDEA0048,3
AVPEPUDEA0049_omar.wav,AVPEPUDEA0049,1
AVPEPUDEA0050_omar.wav,AVPEPUDEA0050,2
AVPEPUDEA0051_omar.wav,AVPEPUDEA0051,4
AVPEPUDEA0052_omar.wav,AVPEPUDEA0052,2
AVPEPUDEA0053_omar.wav,AVPEPUDEA0053,0
AVPEPUDEA0054_omar.wav,AVPEPUDEA0054,2
AVPEPUDEA0055_omar.wav,AVPEPUDEA0055,0
AVPEPUDEA0056_omar.wav,AVPEPUDEA0056,2
AVPEPUDEA0057_omar.wav,AVPEPUDEA0057,1
AVPEPUDEA0058_omar.wav,AVPEPUDEA0058,4
AVPEPUDEA0059_omar.wav,AVPEPUDEA0059,1
AVPEPUDEAC0001_rosita.wav,AVPEPUDEAC0001,0
AVPEPUDEAC0003_rosita.wav,AVPEPUDEAC0003,2
AVPEPUDEAC0004_rosita.wav,AVPEPUDEAC0004,2
AVPEPUDEAC0005_rosita.wav,AVPEPUDEAC0005,0
AVPEPUDEAC0006_rosita.wav,AVPEPUDEAC0006,1
AVPEPUDEAC0007_rosita.wav,AVPEPUDEAC0007,1
AVPEPUDEAC0008_rosita.wav,AVPEPUDEAC0008,3
AVPEPUDEAC0010_rosita.wav,AVPEPUDEAC0010,4
AVPEPUDEAC0011_rosita.wav,AVPEPUDEAC0011,1
AVPEPUDEAC0012_rosita.wav,AVPEPUDEAC0012,2
AVPEPUDEAC0013_rosita.wav,AVPEPUDEAC0013,4
AVPEPUDEAC0014_rosita.wav,AVPEPUDEAC0014,1
AVPEPUDEAC0015_rosita.wav,AVPEPUDEAC0015,2
AVPEPUDEAC0016_rosita.wav,AVPEPUDEAC0016,0
AVPEPUDEAC0017_rosita.wav,AVPEPUDEAC0017,0
AVPEPUDEAC0018_rosita.wav,AVPEPUDEAC0018,3
AVPEPUDEAC0019_rosita.wav,AVPEPUDEAC0019,1
AVPEPUDEAC0020_rosita.wav,AVPEPUDEAC0020,1
AVPEPUDEAC0021_rosita.wav,AVPEPUDEAC0021,3
AVPEPUDEAC0022_rosita.wav,AVPEPUDEAC0022,4
AVPEPUDEAC0023_rosita.wav,AVPEPUDEAC0023,3
AVPEPUDEAC0024_rosita.wav,AVPEPUDEAC0024,1
AVPEPUDEAC0025_rosita.wav,AVPEPUDEAC0025,1
AVPEPUDEAC0026_rosita.wav,AVPEPUDEAC0026,4
AVPEPUDEAC0027_rosita.wav,AVPEPUDEAC0027,3
AVPEPUDEAC0028_rosita.wav,AVPEPUDEAC0028,3
AVPEPUDEAC0029_rosita.wav,AVPEPUDEAC0029,2
AVPEPUDEAC0030_rosita.wav,AVPEPUDEAC0030,3
AVPEPUDEAC0031_rosita.wav,AVPEPUDEAC0031,3
AVPEPUDEAC0033_rosita.wav,AVPEPUDEAC0033,1
AVPEPUDEAC0034_rosita.wav,AVPEPUDEAC0034,4
AVPEPUDEAC0035_rosita.wav,AVPEPUDEAC0035,2
AVPEPUDEAC0037_rosita.wav,AVPEPUDEAC0037,4
AVPEPUDEAC0039_rosita.wav,AVPEPUDEAC0039,4
AVPEPUDEAC0040_rosita.wav,AVPEPUDEAC0040,4
AVPEPUDEAC0041_rosita.wav,AVPEPUDEAC0041,3
AVPEPUDEAC0042_rosita.wav,AVPEPUDEAC0042,1
AVPEPUDEAC0043_rosita.wav,AVPEPUDEAC0043,1
AVPEPUDEAC0044_rosita.wav,AVPEPUDEAC0044,2
AVPEPUDEAC0045_rosita.wav,AVPEPUDEAC0045,0
AVPEPUDEAC0046_rosita.wav,AVPEPUDEAC0046,0
AVPEPUDEAC0047_rosita.wav,AVPEPUDEAC0047,0
AVPEPUDEAC0048_rosita.wav,AVPEPUDEAC0048,4
AVPEPUDEAC0049_rosita.wav,AVPEPUDEAC0049,0
AVPEPUDEAC0050_rosita.wav,AVPEPUDEAC0050,3
AVPEPUDEAC0051_rosita.wav,AVPEPUDEAC0051,0
AVPEPUDEAC0052_rosita.wav,AVPEPUDEAC0052,3
AVPEPUDEAC0053_rosita.wav,AVPEPUDEAC0053,4
AVPEPUDEAC0054_rosita.wav,AVPEPUDEAC0054,4
AVPEPUDEAC0057_rosita.wav,AVPEPUDEAC0057,3
AVPEPUDEA0001_rosita.wav,AVPEPUDEA0001,0
AVPEPUDEA0002_rosita.wav,AVPEPUDEA0002,2
AVPEPUDEA0003_rosita.wav,AVPEPUDEA0003,3
AVPEPUDEA0005_rosita.wav,AVPEPUDEA0005,3
AVPEPUDEA0006_rosita.wav,AVPEPUDEA0006,0
AVPEPUDEA0007_rosita.wav,AVPEPUDEA0007,1
AVPEPUDEA0008_rosita.wav,AVPEPUDEA0008,3
AVPEPUDEA0009_rosita.wav,AVPEPUDEA0009,1
AVPEPUDEA0010_rosita.wav,AVPEPUDEA0010,2
AVPEPUDEA0011_rosita.wav,AVPEPUDEA0011,0
AVPEPUDEA0013_rosita.wav,AVPEPUDEA0013,4
AVPEPUDEA0014_rosita.wav,AVPEPUDEA0014,0
AVPEPUDEA0015_rosita.wav,AVPEPUDEA0015,0
AVPEPUDEA0016_rosita.wav,AVPEPUDEA0016,3
AVPEPUDEA0017_rosita.wav,AVPEPUDEA0017,0
AVPEPUDEA0020_rosita.wav,AVPEPUDEA0020,0
AVPEPUDEA0021_rosita.wav,AVPEPUDEA0021,4
AVPEPUDEA0022_rosita.wav,AVPEPUDEA0022,4
AVPEPUDEA0023_rosita.wav,AVPEPUDEA0023,0
AVPEPUDEA0024_rosita.wav,AVPEPUDEA0024,1
AVPEPUDEA0025_rosita.wav,AVPEPUDEA0025,2
AVPEPUDEA0026_rosita.wav,AVPEPUDEA0026,2
AVPEPUDEA0027_rosita.wav,AVPEPUDEA0027,2
AVPEPUDEA0029_rosita.wav,AVPEPUDEA0029,3
AVPEPUDEA0030_rosita.wav,AVPEPUDEA0030,4
AVPEPUDEA0031_rosita.wav,AVPEPUDEA0031,4
AVPEPUDEA0032_rosita.wav,AVPEPUDEA0032,3
AVPEPUDEA0034_rosita.wav,AVPEPUDEA0034,1
AVPEPUDEA0035_rosita.wav,AVPEPUDEA0035,2
AVPEPUDEA0037_rosita.wav,AVPEPUDEA0037,0
AVPEPUDEA0038_rosita.wav,AVPEPUDEA0038,4
AVPEPUDEA0039_rosita.wav,AVPEPUDEA0039,1
AVPEPUDEA0041_rosita.wav,AVPEPUDEA0041,4
AVPEPUDEA0042_rosita.wav,AVPEPUDEA0042,2
AVPEPUDEA0043_rosita.wav,AVPEPUDEA0043,2
AVPEPUDEA0045_rosita.wav,AVPEPUDEA0045,2
AVPEPUDEA0046_rosita.wav,AVPEPUDEA0046,3
AVPEPUDEA0047_rosita.wav,AVPEPUDEA0047,1
AVPEPUDEA0048_rosita.wav,AVPEPUDEA0048,3
AVPEPUDEA0049_rosita.wav,AVPEPUDEA0049,1
AVPEPUDEA0050_rosita.wav,AVPEPUDEA0050,2
AVPEPUDEA0051_rosita.wav,AVPEPUDEA0051,4
AVPEPUDEA0052_rosita.wav,AVPEPUDEA0052,2
AVPEPUDEA0053_rosita.wav,AVPEPUDEA0053,0
AVPEPUDEA0054_rosita.wav,AVPEPUDEA0054,2
AVPEPUDEA0055_rosita.wav,AVPEPUDEA0055,0
AVPEPUDEA0056_rosita.wav,AVPEPUDEA0056,2
AVPEPUDEA0057_rosita.wav,AVPEPUDEA0057,1
AVPEPUDEA0058_rosita.wav,AVPEPUDEA0058,4
AVPEPUDEA0059_rosita.wav,AVPEPUDEA0059,1
AVPEPUDEAC0001_viste.wav,AVPEPUDEAC0001,0
AVPEPUDEAC0003_viste.wav,AVPEPUDEAC0003,2
AVPEPUDEAC0004_viste.wav,AVPEPUDEAC0004,2
AVPEPUDEAC0005_viste.wav,AVPEPUDEAC0005,0
AVPEPUDEAC0006_viste.wav,AVPEPUDEAC0006,1
AVPEPUDEAC0007_viste.wav,AVPEPUDEAC0007,1
AVPEPUDEAC0008_viste.wav,AVPEPUDEAC0008,3
AVPEPUDEAC0010_viste.wav,AVPEPUDEAC0010,4
AVPEPUDEAC0011_viste.wav,AVPEPUDEAC0011,1
AVPEPUDEAC0012_viste.wav,AVPEPUDEAC0012,2
AVPEPUDEAC0013_viste.wav,AVPEPUDEAC0013,4
AVPEPUDEAC0014_viste.wav,AVPEPUDEAC0014,1
AVPEPUDEAC0015_viste.wav,AVPEPUDEAC0015,2
AVPEPUDEAC0016_viste.wav,AVPEPUDEAC0016,0
AVPEPUDEAC0017_viste.wav,AVPEPUDEAC0017,0
AVPEPUDEAC0018_viste.wav,AVPEPUDEAC0018,3
AVPEPUDEAC0019_viste.wav,AVPEPUDEAC0019,1
AVPEPUDEAC0020_viste.wav,AVPEPUDEAC0020,1
AVPEPUDEAC0021_viste.wav,AVPEPUDEAC0021,3
AVPEPUDEAC0022_viste.wav,AVPEPUDEAC0022,4
AVPEPUDEAC0023_viste.wav,AVPEPUDEAC0023,3
AVPEPUDEAC0024_viste.wav,AVPEPUDEAC0024,1
AVPEPUDEAC0025_viste.wav,AVPEPUDEAC0025,1
AVPEPUDEAC0026_viste.wav,AVPEPUDEAC0026,4
AVPEPUDEAC0027_viste.wav,AVPEPUDEAC0027,3
AVPEPUDEAC0028_viste.wav,AVPEPUDEAC0028,3
AVPEPUDEAC0029_viste.wav,AVPEPUDEAC0029,2
AVPEPUDEAC0030_viste.wav,AVPEPUDEAC0030,3
AVPEPUDEAC0031_viste.wav,AVPEPUDEAC0031,3
AVPEPUDEAC0033_viste.wav,AVPEPUDEAC0033,1
AVPEPUDEAC0034_viste.wav,AVPEPUDEAC0034,4
AVPEPUDEAC0035_viste.wav,AVPEPUDEAC0035,2
AVPEPUDEAC0037_viste.wav,AVPEPUDEAC0037,4
AVPEPUDEAC0039_viste.wav,AVPEPUDEAC0039,4
AVPEPUDEAC0040_viste.wav,AVPEPUDEAC0040,4
AVPEPUDEAC0041_viste.wav,AVPEPUDEAC0041,3
AVPEPUDEAC0042_viste.wav,AVPEPUDEAC0042,1
AVPEPUDEAC0043_viste.wav,AVPEPUDEAC0043,1
AVPEPUDEAC0044_viste.wav,AVPEPUDEAC0044,2
AVPEPUDEAC0045_viste.wav,AVPEPUDEAC0045,0
AVPEPUDEAC0046_viste.wav,AVPEPUDEAC0046,0
AVPEPUDEAC0047_viste.wav,AVPEPUDEAC0047,0
AVPEPUDEAC0048_viste.wav,AVPEPUDEAC0048,4
AVPEPUDEAC0049_viste.wav,AVPEPUDEAC0049,0
AVPEPUDEAC0050_viste.wav,AVPEPUDEAC0050,3
AVPEPUDEAC0051_viste.wav,AVPEPUDEAC0051,0
AVPEPUDEAC0052_viste.wav,AVPEPUDEAC0052,3
AVPEPUDEAC0053_viste.wav,AVPEPUDEAC0053,4
AVPEPUDEAC0054_viste.wav,AVPEPUDEAC0054,4
AVPEPUDEAC0057_viste.wav,AVPEPUDEAC0057,3
AVPEPUDEA0001_viste.wav,AVPEPUDEA0001,0
AVPEPUDEA0002_viste.wav,AVPEPUDEA0002,2
AVPEPUDEA0003_viste.wav,AVPEPUDEA0003,3
AVPEPUDEA0005_viste.wav,AVPEPUDEA0005,3
AVPEPUDEA0006_viste.wav,AVPEPUDEA0006,0
AVPEPUDEA0007_viste.wav,AVPEPUDEA0007,1
AVPEPUDEA0008_viste.wav,AVPEPUDEA0008,3
AVPEPUDEA0009_viste.wav,AVPEPUDEA0009,1
AVPEPUDEA0010_viste.wav,AVPEPUDEA0010,2
AVPEPUDEA0011_viste.wav,AVPEPUDEA0011,0
AVPEPUDEA0013_viste.wav,AVPEPUDEA0013,4
AVPEPUDEA0014_viste.wav,AVPEPUDEA0014,0
AVPEPUDEA0015_viste.wav,AVPEPUDEA0015,0
AVPEPUDEA0016_viste.wav,AVPEPUDEA0016,3
AVPEPUDEA0017_viste.wav,AVPEPUDEA0017,0
AVPEPUDEA0020_viste.wav,AVPEPUDEA0020,0
AVPEPUDEA0021_viste.wav,AVPEPUDEA0021,4
AVPEPUDEA0022_viste.wav,AVPEPUDEA0022,4
AVPEPUDEA0023_viste.wav,AVPEPUDEA0023,0
AVPEPUDEA0024_viste.wav,AVPEPUDEA0024,1
AVPEPUDEA0025_viste.wav,AVPEPUDEA0025,2
AVPEPUDEA0026_viste.wav,AVPEPUDEA0026,2
AVPEPUDEA0027_viste.wav,AVPEPUDEA0027,2
AVPEPUDEA0029_viste.wav,AVPEPUDEA0029,3
AVPEPUDEA0030_viste.wav,AVPEPUDEA0030,4
AVPEPUDEA0031_viste.wav,AVPEPUDEA0031,4
AVPEPUDEA0032_viste.wav,AVPEPUDEA0032,3
AVPEPUDEA0034_viste.wav,AVPEPUDEA0034,1
AVPEPUDEA0035_viste.wav,AVPEPUDEA0035,2
AVPEPUDEA0037_viste.wav,AVPEPUDEA0037,0
AVPEPUDEA0038_viste.wav,AVPEPUDEA0038,4
AVPEPUDEA0039_viste.wav,AVPEPUDEA0039,1
AVPEPUDEA0041_viste.wav,AVPEPUDEA0041,4
AVPEPUDEA0042_viste.wav,AVPEPUDEA0042,2
AVPEPUDEA0043_viste.wav,AVPEPUDEA0043,2
AVPEPUDEA0045_viste.wav,AVPEPUDEA0045,2
AVPEPUDEA0046_viste.wav,AVPEPUDEA0046,3
AVPEPUDEA0047_viste.wav,AVPEPUDEA0047,1
AVPEPUDEA0048_viste.wav,AVPEPUDEA0048,3
AVPEPUDEA0049_viste.wav,AVPEPUDEA0049,1
AVPEPUDEA0050_viste.wav,AVPEPUDEA0050,2
AVPEPUDEA0051_viste.wav,AVPEPUDEA0051,4
AVPEPUDEA0052_viste.wav,AVPEPUDEA0052,2
AVPEPUDEA0053_viste.wav,AVPEPUDEA0053,0
AVPEPUDEA0054_viste.wav,AVPEPUDEA0054,2
AVPEPUDEA0055_viste.wav,AVPEPUDEA0055,0
AVPEPUDEA0056_viste.wav,AVPEPUDEA0056,2
AVPEPUDEA0057_viste.wav,AVPEPUDEA0057,1
AVPEPUDEA0058_viste.wav,AVPEPUDEA0058,4
AVPEPUDEA0059_viste.wav,AVPEPUDEA0059,1
AVPEPUDEAC0001_juan.wav,AVPEPUDEAC0001,0
AVPEPUDEAC0003_juan.wav,AVPEPUDEAC0003,2
AVPEPUDEAC0004_juan.wav,AVPEPUDEAC0004,2
AVPEPUDEAC0005_juan.wav,AVPEPUDEAC0005,0
AVPEPUDEAC0006_juan.wav,AVPEPUDEAC0006,1
AVPEPUDEAC0007_juan.wav,AVPEPUDEAC0007,1
AVPEPUDEAC0008_juan.wav,AVPEPUDEAC0008,3
AVPEPUDEAC0010_juan.wav,AVPEPUDEAC0010,4
AVPEPUDEAC0011_juan.wav,AVPEPUDEAC0011,1
AVPEPUDEAC0012_juan.wav,AVPEPUDEAC0012,2
AVPEPUDEAC0013_juan.wav,AVPEPUDEAC0013,4
AVPEPUDEAC0014_juan.wav,AVPEPUDEAC0014,1
AVPEPUDEAC0015_juan.wav,AVPEPUDEAC0015,2
AVPEPUDEAC0016_juan.wav,AVPEPUDEAC0016,0
AVPEPUDEAC0017_juan.wav,AVPEPUDEAC0017,0
AVPEPUDEAC0018_juan.wav,AVPEPUDEAC0018,3
AVPEPUDEAC0019_juan.wav,AVPEPUDEAC0019,1
AVPEPUDEAC0020_juan.wav,AVPEPUDEAC0020,1
AVPEPUDEAC0021_juan.wav,AVPEPUDEAC0021,3
AVPEPUDEAC0022_juan.wav,AVPEPUDEAC0022,4
AVPEPUDEAC0023_juan.wav,AVPEPUDEAC0023,3
AVPEPUDEAC0024_juan.wav,AVPEPUDEAC0024,1
AVPEPUDEAC0025_juan.wav,AVPEPUDEAC0025,1
AVPEPUDEAC0026_juan.wav,AVPEPUDEAC0026,4
AVPEPUDEAC0027_juan.wav,AVPEPUDEAC0027,3
AVPEPUDEAC0028_juan.wav,AVPEPUDEAC0028,3
AVPEPUDEAC0029_juan.wav,AVPEPUDEAC0029,2
AVPEPUDEAC0030_juan.wav,AVPEPUDEAC0030,3
AVPEPUDEAC0031_juan.wav,AVPEPUDEAC0031,3
AVPEPUDEAC0033_juan.wav,AVPEPUDEAC0033,1
AVPEPUDEAC0034_juan.wav,AVPEPUDEAC0034,4
AVPEPUDEAC0035_juan.wav,AVPEPUDEAC0035,2
AVPEPUDEAC0037_juan.wav,AVPEPUDEAC0037,4
AVPEPUDEAC0039_juan.wav,AVPEPUDEAC0039,4
AVPEPUDEAC0040_juan.wav,AVPEPUDEAC0040,4
AVPEPUDEAC0041_juan.wav,AVPEPUDEAC0041,3
AVPEPUDEAC0042_juan.wav,AVPEPUDEAC0042,1
AVPEPUDEAC0043_juan.wav,AVPEPUDEAC0043,1
AVPEPUDEAC0044_juan.wav,AVPEPUDEAC0044,2
AVPEPUDEAC0045_juan.wav,AVPEPUDEAC0045,0
AVPEPUDEAC0046_juan.wav,AVPEPUDEAC0046,0
AVPEPUDEAC0047_juan.wav,AVPEPUDEAC0047,0
AVPEPUDEAC0048_juan.wav,AVPEPUDEAC0048,4
AVPEPUDEAC0049_juan.wav,AVPEPUDEAC0049,0
AVPEPUDEAC0050_juan.wav,AVPEPUDEAC0050,3
AVPEPUDEAC0051_juan.wav,AVPEPUDEAC0051,0
AVPEPUDEAC0052_juan.wav,AVPEPUDEAC0052,3
AVPEPUDEAC0053_juan.wav,AVPEPUDEAC0053,4
AVPEPUDEAC0054_juan.wav,AVPEPUDEAC0054,4
AVPEPUDEAC0057_juan.wav,AVPEPUDEAC0057,3
AVPEPUDEA0001_juan.wav,AVPEPUDEA0001,0
AVPEPUDEA0002_juan.wav,AVPEPUDEA0002,2
AVPEPUDEA0003_juan.wav,AVPEPUDEA0003,3
AVPEPUDEA0005_juan.wav,AVPEPUDEA0005,3
AVPEPUDEA0006_juan.wav,AVPEPUDEA0006,0
AVPEPUDEA0007_juan.wav,AVPEPUDEA0007,1
AVPEPUDEA0008_juan.wav,AVPEPUDEA0008,3
AVPEPUDEA0009_juan.wav,AVPEPUDEA0009,1
AVPEPUDEA0010_juan.wav,AVPEPUDEA0010,2
AVPEPUDEA0011_juan.wav,AVPEPUDEA0011,0
AVPEPUDEA0013_juan.wav,AVPEPUDEA0013,4
AVPEPUDEA0014_juan.wav,AVPEPUDEA0014,0
AVPEPUDEA0015_juan.wav,AVPEPUDEA0015,0
AVPEPUDEA0016_juan.wav,AVPEPUDEA0016,3
AVPEPUDEA0017_juan.wav,AVPEPUDEA0017,0
AVPEPUDEA0020_juan.wav,AVPEPUDEA0020,0
AVPEPUDEA0021_juan.wav,AVPEPUDEA0021,4
AVPEPUDEA0022_juan.wav,AVPEPUDEA0022,4
AVPEPUDEA0023_juan.wav,AVPEPUDEA0023,0
AVPEPUDEA0024_juan.wav,AVPEPUDEA0024,1
AVPEPUDEA0025_juan.wav,AVPEPUDEA0025,2
AVPEPUDEA0026_juan.wav,AVPEPUDEA0026,2
AVPEPUDEA0027_juan.wav,AVPEPUDEA0027,2
AVPEPUDEA0029_juan.wav,AVPEPUDEA0029,3
AVPEPUDEA0030_juan.wav,AVPEPUDEA0030,4
AVPEPUDEA0031_juan.wav,AVPEPUDEA0031,4
AVPEPUDEA0032_juan.wav,AVPEPUDEA0032,3
AVPEPUDEA0034_juan.wav,AVPEPUDEA0034,1
AVPEPUDEA0035_juan.wav,AVPEPUDEA0035,2
AVPEPUDEA0037_juan.wav,AVPEPUDEA0037,0
AVPEPUDEA0038_juan.wav,AVPEPUDEA0038,4
AVPEPUDEA0039_juan.wav,AVPEPUDEA0039,1
AVPEPUDEA0041_juan.wav,AVPEPUDEA0041,4
AVPEPUDEA0042_juan.wav,AVPEPUDEA0042,2
AVPEPUDEA0043_juan.wav,AVPEPUDEA0043,2
AVPEPUDEA0045_juan.wav,AVPEPUDEA0045,2
AVPEPUDEA0046_juan.wav,AVPEPUDEA0046,3
AVPEPUDEA0047_juan.wav,AVPEPUDEA0047,1
AVPEPUDEA0048_juan.wav,AVPEPUDEA0048,3
AVPEPUDEA0049_juan.wav,AVPEPUDEA0049,1
AVPEPUDEA0050_juan.wav,AVPEPUDEA0050,2
AVPEPUDEA0051_juan.wav,AVPEPUDEA0051,4
AVPEPUDEA0052_juan.wav,AVPEPUDEA0052,2
AVPEPUDEA0053_juan.wav,AVPEPUDEA0053,0
AVPEPUDEA0054_juan.wav,AVPEPUDEA0054,2
AVPEPUDEA0055_juan.wav,AVPEPUDEA0055,0
AVPEPUDEA0056_juan.wav,AVPEPUDEA0056,2
AVPEPUDEA0057_juan.wav,AVPEPUDEA0057,1
AVPEPUDEA0058_juan.wav,AVPEPUDEA0058,4
AVPEPUDEA0059_juan.wav,AVPEPUDEA0059,1
AVPEPUDEAC0001_triste.wav,AVPEPUDEAC0001,0
AVPEPUDEAC0003_triste.wav,AVPEPUDEAC0003,2
AVPEPUDEAC0004_triste.wav,AVPEPUDEAC0004,2
AVPEPUDEAC0005_triste.wav,AVPEPUDEAC0005,0
AVPEPUDEAC0006_triste.wav,AVPEPUDEAC0006,1
AVPEPUDEAC0007_triste.wav,AVPEPUDEAC0007,1
AVPEPUDEAC0008_triste.wav,AVPEPUDEAC0008,3
AVPEPUDEAC0010_triste.wav,AVPEPUDEAC0010,4
AVPEPUDEAC0011_triste.wav,AVPEPUDEAC0011,1
AVPEPUDEAC0012_triste.wav,AVPEPUDEAC0012,2
AVPEPUDEAC0013_triste.wav,AVPEPUDEAC0013,4
AVPEPUDEAC0014_triste.wav,AVPEPUDEAC0014,1
AVPEPUDEAC0015_triste.wav,AVPEPUDEAC0015,2
AVPEPUDEAC0016_triste.wav,AVPEPUDEAC0016,0
AVPEPUDEAC0017_triste.wav,AVPEPUDEAC0017,0
AVPEPUDEAC0018_triste.wav,AVPEPUDEAC0018,3
AVPEPUDEAC0019_triste.wav,AVPEPUDEAC0019,1
AVPEPUDEAC0020_triste.wav,AVPEPUDEAC0020,1
AVPEPUDEAC0021_triste.wav,AVPEPUDEAC0021,3
AVPEPUDEAC0022_triste.wav,AVPEPUDEAC0022,4
AVPEPUDEAC0023_triste.wav,AVPEPUDEAC0023,3
AVPEPUDEAC0024_triste.wav,AVPEPUDEAC0024,1
AVPEPUDEAC0025_triste.wav,AVPEPUDEAC0025,1
AVPEPUDEAC0026_triste.wav,AVPEPUDEAC0026,4
AVPEPUDEAC0027_triste.wav,AVPEPUDEAC0027,3
AVPEPUDEAC0028_triste.wav,AVPEPUDEAC0028,3
AVPEPUDEAC0029_triste.wav,AVPEPUDEAC0029,2
AVPEPUDEAC0030_triste.wav,AVPEPUDEAC0030,3
AVPEPUDEAC0031_triste.wav,AVPEPUDEAC0031,3
AVPEPUDEAC0033_triste.wav,AVPEPUDEAC0033,1
AVPEPUDEAC0034_triste.wav,AVPEPUDEAC0034,4
AVPEPUDEAC0035_triste.wav,AVPEPUDEAC0035,2
AVPEPUDEAC0037_triste.wav,AVPEPUDEAC0037,4
AVPEPUDEAC0039_triste.wav,AVPEPUDEAC0039,4
AVPEPUDEAC0040_triste.wav,AVPEPUDEAC0040,4
AVPEPUDEAC0041_triste.wav,AVPEPUDEAC0041,3
AVPEPUDEAC0042_triste.wav,AVPEPUDEAC0042,1
AVPEPUDEAC0043_triste.wav,AVPEPUDEAC0043,1
AVPEPUDEAC0044_triste.wav,AVPEPUDEAC0044,2
AVPEPUDEAC0045_triste.wav,AVPEPUDEAC0045,0
AVPEPUDEAC0046_triste.wav,AVPEPUDEAC0046,0
AVPEPUDEAC0047_triste.wav,AVPEPUDEAC0047,0
AVPEPUDEAC0048_triste.wav,AVPEPUDEAC0048,4
AVPEPUDEAC0049_triste.wav,AVPEPUDEAC0049,0
AVPEPUDEAC0050_triste.wav,AVPEPUDEAC0050,3
AVPEPUDEAC0051_triste.wav,AVPEPUDEAC0051,0
AVPEPUDEAC0052_triste.wav,AVPEPUDEAC0052,3
AVPEPUDEAC0053_triste.wav,AVPEPUDEAC0053,4
AVPEPUDEAC0054_triste.wav,AVPEPUDEAC0054,4
AVPEPUDEAC0057_triste.wav,AVPEPUDEAC0057,3
AVPEPUDEA0001_triste.wav,AVPEPUDEA0001,0
AVPEPUDEA0002_triste.wav,AVPEPUDEA0002,2
AVPEPUDEA0003_triste.wav,AVPEPUDEA0003,3
AVPEPUDEA0005_triste.wav,AVPEPUDEA0005,3
AVPEPUDEA0006_triste.wav,AVPEPUDEA0006,0
AVPEPUDEA0007_triste.wav,AVPEPUDEA0007,1
AVPEPUDEA0008_triste.wav,AVPEPUDEA0008,3
AVPEPUDEA0009_triste.wav,AVPEPUDEA0009,1
AVPEPUDEA0010_triste.wav,AVPEPUDEA0010,2
AVPEPUDEA0011_triste.wav,AVPEPUDEA0011,0
AVPEPUDEA0013_triste.wav,AVPEPUDEA0013,4
AVPEPUDEA0014_triste.wav,AVPEPUDEA0014,0
AVPEPUDEA0015_triste.wav,AVPEPUDEA0015,0
AVPEPUDEA0016_triste.wav,AVPEPUDEA0016,3
AVPEPUDEA0017_triste.wav,AVPEPUDEA0017,0
AVPEPUDEA0020_triste.wav,AVPEPUDEA0020,0
AVPEPUDEA0021_triste.wav,AVPEPUDEA0021,4
AVPEPUDEA0022_triste.wav,AVPEPUDEA0022,4
AVPEPUDEA0023_triste.wav,AVPEPUDEA0023,0
AVPEPUDEA0024_triste.wav,AVPEPUDEA0024,1
AVPEPUDEA0025_triste.wav,AVPEPUDEA0025,2
AVPEPUDEA0026_triste.wav,AVPEPUDEA0026,2
AVPEPUDEA0027_triste.wav,AVPEPUDEA0027,2
AVPEPUDEA0029_triste.wav,AVPEPUDEA0029,3
AVPEPUDEA0030_triste.wav,AVPEPUDEA0030,4
AVPEPUDEA0031_triste.wav,AVPEPUDEA0031,4
AVPEPUDEA0032_triste.wav,AVPEPUDEA0032,3
AVPEPUDEA0034_triste.wav,AVPEPUDEA0034,1
AVPEPUDEA0035_triste.wav,AVPEPUDEA0035,2
AVPEPUDEA0037_triste.wav,AVPEPUDEA0037,0
AVPEPUDEA0038_triste.wav,AVPEPUDEA0038,4
AVPEPUDEA0039_triste.wav,AVPEPUDEA0039,1
AVPEPUDEA0041_triste.wav,AVPEPUDEA0041,4
AVPEPUDEA0042_triste.wav,AVPEPUDEA0042,2
AVPEPUDEA0043_triste.wav,AVPEPUDEA0043,2
AVPEPUDEA0045_triste.wav,AVPEPUDEA0045,2
AVPEPUDEA0046_triste.wav,AVPEPUDEA0046,3
AVPEPUDEA0047_triste.wav,AVPEPUDEA0047,1
AVPEPUDEA0048_triste.wav,AVPEPUDEA0048,3
AVPEPUDEA0049_triste.wav,AVPEPUDEA0049,1
AVPEPUDEA0050_triste.wav,AVPEPUDEA0050,2
AVPEPUDEA0051_triste.wav,AVPEPUDEA0051,4
AVPEPUDEA0052_triste.wav,AVPEPUDEA0052,2
AVPEPUDEA0053_triste.wav,AVPEPUDEA0053,0
AVPEPUDEA0054_triste.wav,AVPEPUDEA0054,2
AVPEPUDEA0055_triste.wav,AVPEPUDEA0055,0
AVPEPUDEA0056_triste.wav,AVPEPUDEA0056,2
AVPEPUDEA0057_triste.wav,AVPEPUDEA0057,1
AVPEPUDEA0058_triste.wav,AVPEPUDEA0058,4
AVPEPUDEA0059_triste.wav,AVPEPUDEA0059,1
AVPEPUDEAC0001_preocupado.wav,AVPEPUDEAC0001,0
AVPEPUDEAC0003_preocupado.wav,AVPEPUDEAC0003,2
AVPEPUDEAC0004_preocupado.wav,AVPEPUDEAC0004,2
AVPEPUDEAC0005_preocupado.wav,AVPEPUDEAC0005,0
AVPEPUDEAC0006_preocupado.wav,AVPEPUDEAC0006,1
AVPEPUDEAC0007_preocupado.wav,AVPEPUDEAC0007,1
AVPEPUDEAC0008_preocupado.wav,AVPEPUDEAC0008,3
AVPEPUDEAC0010_preocupado.wav,AVPEPUDEAC0010,4
AVPEPUDEAC0011_preocupado.wav,AVPEPUDEAC0011,1
AVPEPUDEAC0012_preocupado.wav,AVPEPUDEAC0012,2
AVPEPUDEAC0013_preocupado.wav,AVPEPUDEAC0013,4
AVPEPUDEAC0014_preocupado.wav,AVPEPUDEAC0014,1
AVPEPUDEAC0015_preocupado.wav,AVPEPUDEAC0015,2
AVPEPUDEAC0016_preocupado.wav,AVPEPUDEAC0016,0
AVPEPUDEAC0017_preocupado.wav,AVPEPUDEAC0017,0
AVPEPUDEAC0018_precupado.wav,AVPEPUDEAC0018,3
AVPEPUDEAC0019_preocupado.wav,AVPEPUDEAC0019,1
AVPEPUDEAC0020_preocupado.wav,AVPEPUDEAC0020,1
AVPEPUDEAC0021_preocupado.wav,AVPEPUDEAC0021,3
AVPEPUDEAC0022_preocupado.wav,AVPEPUDEAC0022,4
AVPEPUDEAC0023_preocupado.wav,AVPEPUDEAC0023,3
AVPEPUDEAC0024_preocupado.wav,AVPEPUDEAC0024,1
AVPEPUDEAC0025_preocupado.wav,AVPEPUDEAC0025,1
AVPEPUDEAC0026_preocupado.wav,AVPEPUDEAC0026,4
AVPEPUDEAC0027_preocupado.wav,AVPEPUDEAC0027,3
AVPEPUDEAC0028_preocupado.wav,AVPEPUDEAC0028,3
AVPEPUDEAC0029_preocupado.wav,AVPEPUDEAC0029,2
AVPEPUDEAC0030_preocupado.wav,AVPEPUDEAC0030,3
AVPEPUDEAC0031_preocupado.wav,AVPEPUDEAC0031,3
AVPEPUDEAC0033_preocupado.wav,AVPEPUDEAC0033,1
AVPEPUDEAC0034_preocupado.wav,AVPEPUDEAC0034,4
AVPEPUDEAC0035_preocupado.wav,AVPEPUDEAC0035,2
AVPEPUDEAC0037_preocupado.wav,AVPEPUDEAC0037,4
AVPEPUDEAC0039_preocupado.wav,AVPEPUDEAC0039,4
AVPEPUDEAC0040_preocupado.wav,AVPEPUDEAC0040,4
AVPEPUDEAC0041_preocupado.wav,AVPEPUDEAC0041,3
AVPEPUDEAC0042_preocupado.wav,AVPEPUDEAC0042,1
AVPEPUDEAC0043_preocupado.wav,AVPEPUDEAC0043,1
AVPEPUDEAC0044_preocupado.wav,AVPEPUDEAC0044,2
AVPEPUDEAC0045_preocupado.wav,AVPEPUDEAC0045,0
AVPEPUDEAC0046_preocupado.wav,AVPEPUDEAC0046,0
AVPEPUDEAC0047_preocupado.wav,AVPEPUDEAC0047,0
AVPEPUDEAC0048_preocupado.wav,AVPEPUDEAC0048,4
AVPEPUDEAC0049_preocupado.wav,AVPEPUDEAC0049,0
AVPEPUDEAC0050_preocupado.wav,AVPEPUDEAC0050,3
AVPEPUDEAC0051_preocupado.wav,AVPEPUDEAC0051,0
AVPEPUDEAC0052_preocupado.wav,AVPEPUDEAC0052,3
AVPEPUDEAC0053_preocupado.wav,AVPEPUDEAC0053,4
AVPEPUDEAC0054_preocupado.wav,AVPEPUDEAC0054,4
AVPEPUDEAC0057_preocupado.wav,AVPEPUDEAC0057,3
AVPEPUDEA0001_preocupado.wav,AVPEPUDEA0001,0
AVPEPUDEA0002_preocupado.wav,AVPEPUDEA0002,2
AVPEPUDEA0003_preocupado.wav,AVPEPUDEA0003,3
AVPEPUDEA0005_preocupado.wav,AVPEPUDEA0005,3
AVPEPUDEA0006_precupado.wav,AVPEPUDEA0006,0
AVPEPUDEA0007_preocupado.wav,AVPEPUDEA0007,1
AVPEPUDEA0008_preocupado.wav,AVPEPUDEA0008,3
AVPEPUDEA0009_preocupado.wav,AVPEPUDEA0009,1
AVPEPUDEA0010_preocupado.wav,AVPEPUDEA0010,2
AVPEPUDEA0011_preocupado.wav,AVPEPUDEA0011,0
AVPEPUDEA0013_preocupado.wav,AVPEPUDEA0013,4
AVPEPUDEA0014_preocupado.wav,AVPEPUDEA0014,0
AVPEPUDEA0015_preocupado.wav,AVPEPUDEA0015,0
AVPEPUDEA0016_preocupado.wav,AVPEPUDEA0016,3
AVPEPUDEA0017_preocupado.wav,AVPEPUDEA0017,0
AVPEPUDEA0020_precupado.wav,AVPEPUDEA0020,0
AVPEPUDEA0021_precupado.wav,AVPEPUDEA0021,4
AVPEPUDEA0022_preocupado.wav,AVPEPUDEA0022,4
AVPEPUDEA0023_preocupado.wav,AVPEPUDEA0023,0
AVPEPUDEA0024_precupado.wav,AVPEPUDEA0024,1
AVPEPUDEA0025_preocupado.wav,AVPEPUDEA0025,2
AVPEPUDEA0026_preocupado.wav,AVPEPUDEA0026,2
AVPEPUDEA0027_preocupado.wav,AVPEPUDEA0027,2
AVPEPUDEA0029_preocupado.wav,AVPEPUDEA0029,3
AVPEPUDEA0030_preocupado.wav,AVPEPUDEA0030,4
AVPEPUDEA0031_preocupado.wav,AVPEPUDEA0031,4
AVPEPUDEA0032_preocupado.wav,AVPEPUDEA0032,3
AVPEPUDEA0034_preocupado.wav,AVPEPUDEA0034,1
AVPEPUDEA0035_preocupado.wav,AVPEPUDEA0035,2
AVPEPUDEA0037_preocupado.wav,AVPEPUDEA0037,0
AVPEPUDEA0038_preocupado.wav,AVPEPUDEA0038,4
AVPEPUDEA0039_preocupado.wav,AVPEPUDEA0039,1
AVPEPUDEA0041_preocupado.wav,AVPEPUDEA0041,4
AVPEPUDEA0042_preocupado.wav,AVPEPUDEA0042,2
AVPEPUDEA0043_preocupado.wav,AVPEPUDEA0043,2
AVPEPUDEA0045_preocupado.wav,AVPEPUDEA0045,2
AVPEPUDEA0046_preocupado.wav,AVPEPUDEA0046,3
AVPEPUDEA0047_preocupado.wav,AVPEPUDEA0047,1
AVPEPUDEA0048_preocupado.wav,AVPEPUDEA0048,3
AVPEPUDEA0049_preocupado.wav,AVPEPUDEA0049,1
AVPEPUDEA0050_preocupado.wav,AVPEPUDEA0050,2
AVPEPUDEA0051_preocupado.wav,AVPEPUDEA0051,4
AVPEPUDEA0052_preocupado.wav,AVPEPUDEA0052,2
AVPEPUDEA0053_preocupado.wav,AVPEPUDEA0053,0
AVPEPUDEA0054_preocupado.wav,AVPEPUDEA0054,2
AVPEPUDEA0055_preocupado.wav,AVPEPUDEA0055,0
AVPEPUDEA0056_preocupado.wav,AVPEPUDEA0056,2
AVPEPUDEA0057_preocupado.wav,AVPEPUDEA0057,1
AVPEPUDEA0058_preocupado.wav,AVPEPUDEA0058,4
AVPEPUDEA0059_preocupado.wav,AVPEPUDEA0059,1
