order_group,line,item_id,paper_value,matcher_file_value,matcher_file,triage,paper_ok,quantity_in_sentence,correct_file,recomputed,reason,context
red,244,claim_L244,"(claim, no number)","pcgita +0.3227 [0.2391, 0.404]; neurovoz +0.2078 [0.1588, 0.2578]; kcl -0.0149 [-0.2709, 0.2364]; edaic -0.0537 [-0.1221, 0.0152]; pitt +0.1095 [0.0454, 0.1728]; adresso +0.2096 [0.1294, 0.2867]; adress2020 +0.1443 [0.049, 0.237]; E-DAIC full window: zero-shot minus fine-tune +0.1863 [0.1098, 0.2696]",edaic_rerun/part15/C_intervals.csv,REAL,no,"projector fine tune gain, paired, per dataset",omni_final/omnisft_<ds>_oof.csv vs omni_final/omni_<ds>_zeroshot_scores.csv; edaic_rerun/variants/sft_full_oof.csv vs o25_full_zeroshot_scores.csv,"AD: Pitt 0.1095 [0.0454, 0.1728] n=468 spk=228; ADReSSo 0.2096 [0.1294, 0.2867] n=237 spk=237; ADReSS 0.1443 [0.0490, 0.2370] n=156 spk=156. MDD: E-DAIC 30 s -0.0537 [-0.1221, 0.0152] n=275 spk=275; E-DAIC full window -0.1863 [-0.2696, -0.1098] n=275 spk=275","The AD half holds (all three gains positive, intervals above zero). The MDD half is wrong: on E-DAIC 30 s the gain is negative with an interval spanning zero, and on the full window fine tuning lowers the AUC with an interval entirely below zero. The paper's own Section 3 sentence (line 226) says E-DAIC drops. Fix: say AD only.",\colorred resulting in a significant performance gain in AD and MDD detection.
added_23sep,77,L77_312,0.43 to 0.62,0.5246 to 0.7634,o25_kcl_text.csv ; o25_neurovoz_text.json ; o25_pcgita_text.json,MISPAIRING,yes,"TF-IDF word logistic regression AUC, Parkinson's sets (min to max)","scores/part20/POD6/A_language_saliency/A_tfidf_{kcl,neurovoz,pcgita}_oof.csv","MDVR-KCL 0.4315 [0.2560, 0.6287] n=37 spk=37; NeuroVoz 0.5814 [0.5422, 0.6206] n=1270 spk=107; PC-GITA 0.6196 [0.5700, 0.6681] n=1100 spk=100","Matcher paired the range with the Qwen2.5-Omni transcript ANSWER set. The sentence is about the word regression: range 0.43 to 0.62. Wording note: the model is TF-IDF weighted words, not raw word counts.","A logistic regression on transcript word counts, speaker-disjoint, reaches 0.43 to 0.62 on the Parkinson's sets, 0.68 on E-DAIC and 0.84 to 0.93 on the Alzheimer's sets."
added_23sep,77,L77_350,0.68,0.823,<local data dir>/release/overnight2/text_new/o25_edaicfull_text.json,MISPAIRING,yes,"TF-IDF word logistic regression AUC, E-DAIC full interview",scores/part20/POD6/A_language_saliency/A_tfidf_edaicfull_oof.csv,"E-DAIC full 0.6778 [0.5973, 0.7549] n=275 spk=275 (first 30 s would be 0.4844 [0.4028, 0.5624] n=275 spk=275)",Matcher paired it with the Qwen2.5-Omni transcript answer (0.823). The word regression on the full interview gives 0.68.,"A logistic regression on transcript word counts, speaker-disjoint, reaches 0.43 to 0.62 on the Parkinson's sets, 0.68 on E-DAIC and 0.84 to 0.93 on the Alzheimer's sets."
added_23sep,77,L77_369,0.84 to 0.93,0.5246 to 0.7634,o25_kcl_text.csv ; o25_neurovoz_text.json ; o25_pcgita_text.json,MISPAIRING,yes,"TF-IDF word logistic regression AUC, Alzheimer's sets (min to max)","scores/part20/POD6/A_language_saliency/A_tfidf_{pitt,adresso,adress2020}_oof.csv","Pitt 0.8353 [0.7865, 0.8862] n=468 spk=228; ADReSSo 0.8471 [0.7961, 0.8922] n=237 spk=237; ADReSS 0.9254 [0.8866, 0.9587] n=156 spk=156",Matcher reused the Parkinson's answer set. Word regression range 0.84 to 0.93.,"A logistic regression on transcript word counts, speaker-disjoint, reaches 0.43 to 0.62 on the Parkinson's sets, 0.68 on E-DAIC and 0.84 to 0.93 on the Alzheimer's sets."
added_23sep,149,L149_308,0.35,0.8941,<local data dir>/release/omni_final/omni_pcgita_nested_repeats.json,MISPAIRING,"yes, with an estimator caveat","paired Delta = probe AUC minus zero shot AUC, PC-GITA","edaic_rerun/part16/M7_perclip/pcgita.csv (probe = omni_final/omni_pcgita_enc_nested_oof.csv, single split)","Delta 0.3454 [0.2636, 0.4275] n=1100 spk=100 (probe 0.9089, zero shot 0.5635); with the five repeat probe mean 0.8941 the point is 0.3306","Matcher paired 0.35 with the probe AUC 0.8941. The Delta file gives 0.35. Caveat: it uses the single split probe (0.91); the paper's PC-GITA probe is the five repeat mean 0.89, which gives 0.33. Pitt's 0.11 uses the five repeat mean, so the two Deltas use different probe estimators. No five repeat per-clip PC-GITA file exists on the Mac to put an interval on the 0.33.","The paired difference \Delta of Section \refsec:setup excludes zero on every Parkinson's and Alzheimer's set except MDVR-KCL, at 0.35 on PC-GITA and 0.11 on Pitt."
added_23sep,149,L149_328,0.11,0.7846,<local data dir>/release/omni_final/q2a_pitt_nested_repeats.json,MISPAIRING,yes,"paired Delta, Pitt, five repeat probe mean minus zero shot",overnight2/part10/pitt_enc_nested5_oof.npz + omni_final/omni_pitt_zeroshot_scores.csv (= M7_pitt_FIXED),"Delta 0.1128 [0.0455, 0.1768] n=468 spk=228 (probe 0.7706, zero shot 0.6578)",Matcher paired 0.11 with the Qwen2-Audio Pitt probe AUC. The corrected M7 Delta gives 0.11.,"The paired difference \Delta of Section \refsec:setup excludes zero on every Parkinson's and Alzheimer's set except MDVR-KCL, at 0.35 on PC-GITA and 0.11 on Pitt."
added_23sep,149,L149_556,0.60,0.7619,<local data dir>/release/overnight2/q3o_new/q3o_pitt_zeroshot_scores.csv,MISPAIRING,yes,"Qwen3-Omni zero shot AUC, PC-GITA",overnight2/q3o_new/q3o_pcgita_zeroshot_scores.csv (shipped); edaic_rerun/part16/POD3/q3o_pcgita_zeroshot_scores.csv (pod rerun),"shipped 0.5967 [0.5240, 0.6619] n=1100 spk=100; pod rerun 0.6015 [0.5304, 0.6674] n=1100 spk=100",Matcher paired the PC-GITA 0.60 with the Pitt zero shot (0.7619). Both PC-GITA files round to 0.60.,On Qwen3-Omni the encoder probe reaches 0.90 on PC-GITA and 0.81 on Pitt against zero-shot answers of 0.60 and 0.77.
added_23sep,149,L149_940,0.60,0.9213,<local data dir>/release/omni_final/omni_neurovoz_nested_repeats.json,MISPAIRING,yes,"NeuroVoz five quiet-frame channel features, logistic probe, after loudness and noise floor normalisation",edaic_rerun/part16/POD4/channel_norm_neurovoz.csv column fivefeat_oof_after,"after 0.6025 [0.5479, 0.6580] n=1270 spk=107 (before 0.7977 [0.7248, 0.8611] n=1270 spk=107)",Matcher paired it with the NeuroVoz encoder probe (0.9213). 'Those features' are the channel features; after normalisation they give 0.60.,Normalising loudness and noise floor lowers those features to 0.60 on NeuroVoz and leaves the encoder probe at 0.89.
added_23sep,149,L149_1063,0.90,0.7953,<local data dir>/release/overnight2/part10/pitt_enc_nested5_oof.npz,MISPAIRING,yes,"Qwen2.5-Omni encoder probe, NeuroVoz 38 age and sex matched pairs, mean of 5 seeds",scores/part20/POD6/B_neurovoz_matched/B_encprobe_nested5_nvmatched_oof.csv,"0.8986 [0.8430, 0.9428] n=907 spk=76; pairs file rows 38",Matcher paired it with the Pitt age matched probe (0.7953). The NeuroVoz matched run gives 0.90.,On 38 age and sex matched NeuroVoz pairs the encoder probe stays at 0.90 and the zero-shot answer at 0.63.
added_23sep,149,L149_1096,0.63,0.654,<local data dir>/release/omni_final/omni_pitt_zeroshot_scores.csv,MISPAIRING,yes,"Qwen2.5-Omni zero shot, NeuroVoz 38 age and sex matched pairs",scores/part20/POD6/B_neurovoz_matched/B_zeroshot_nvmatched.csv,"0.6282 [0.5584, 0.6985] n=907 spk=76",Matcher paired it with the Pitt age matched zero shot (0.654). The NeuroVoz matched run gives 0.63.,On 38 age and sex matched NeuroVoz pairs the encoder probe stays at 0.90 and the zero-shot answer at 0.63.
added_23sep,180,L180_791,0.96,0.1498,<local data dir>/release/edaic_rerun/part16/POD1/p14_o25_1a_joined.csv,MISPAIRING,yes,"Qwen2.5-Omni transcript only, agreement arm, E-DAIC Part 14 pairs",edaic_rerun/part17/T1_perclip_distinct_agreement.csv (p_o25t); edaic_rerun/part16/POD1/p14_o25_1a_joined.csv,"311 distinct 0.9620 [0.9345, 0.9822] n=311 spk=138; 483 rows 0.9596 [0.9306, 0.9823] n=483 spk=138 (conflict 0.1498 [0.1131, 0.1887] n=483 spk=138)",Matcher paired the agreement 0.96 with the conflict value 0.1498. Both agreement definitions round to 0.96.,"On the same pairs the transcript alone scores 0.15 on conflict and 0.96 on agreement for Qwen2.5-Omni and 0.22 and 0.95 for Qwen3-Omni, and its decision matches the audio answer on 86 percent of clips."
added_23sep,180,L180_830,0.22,0.7987,<local data dir>/paper1_local_runs/omni_pitt_text.csv,MISPAIRING,yes,"Qwen3-Omni transcript only, conflict arm, E-DAIC Part 14 pairs","scores/part20/POD3c/p14_q3o_text.csv (Part 20 POD3c, Qwen3-Omni-30B-A3B-Instruct)","0.2243 [0.1757, 0.2742] n=483 spk=138; look-alike: Qwen2.5-Omni AUDIO conflict 0.2218 [0.1829, 0.2632] n=483 spk=138",Matcher paired it with a Pitt Qwen2.5-Omni text file. The Qwen3-Omni transcript file gives 0.22.,"On the same pairs the transcript alone scores 0.15 on conflict and 0.96 on agreement for Qwen2.5-Omni and 0.22 and 0.95 for Qwen3-Omni, and its decision matches the audio answer on 86 percent of clips."
added_23sep,180,L180_839,0.95,0.7987,<local data dir>/paper1_local_runs/omni_pitt_text.csv,MISPAIRING,yes,"Qwen3-Omni transcript only, agreement arm, E-DAIC Part 14 pairs",scores/part20/POD3c/p14_q3o_text.csv,"311 distinct 0.9523 [0.9249, 0.9750] n=311 spk=138; 483 rows 0.9470 [0.9131, 0.9757] n=483 spk=138; look-alike: Qwen2.5-Omni AUDIO agreement 483 0.9482 [0.9039, 0.9828] n=483 spk=138",Matcher paired it with a Pitt Qwen2.5-Omni text file. The Qwen3-Omni transcript agreement arm gives 0.95 (311 distinct) or 0.95 (483 rows).,"On the same pairs the transcript alone scores 0.15 on conflict and 0.96 on agreement for Qwen2.5-Omni and 0.22 and 0.95 for Qwen3-Omni, and its decision matches the audio answer on 86 percent of clips."
added_23sep,180,L180_1306,0.46,0.5322,<local data dir>/release/omni_final/omni_pitt_zeroshot_scores.csv,MISPAIRING,yes,"Qwen2.5-Omni audio, conflict arm, 1,334 pairs chosen by the DistilBERT SST-2 scorer",scores/part20/POD3b/sst2_pairs_o25_audio.csv,"0.4619 [0.4165, 0.5102] n=1334 spk=162; pairs 1334",Matcher paired it with the Pitt conflict arm (0.5322). The second scorer run gives 0.46.,"A second sentiment scorer selects 1,334 pairs, on which the conflict arm scores 0.46 and stays 0.39 below the agreement arm."
added_23sep,180,L180_1321,0.39,0.5322,<local data dir>/release/omni_final/omni_pitt_zeroshot_scores.csv,MISPAIRING,yes,"agreement minus conflict, paired, same 1,334 pairs",scores/part20/POD3b/sst2_pairs_o25_audio.csv,"distinct agreement segments 0.3934 [0.3410, 0.4420] n=2133 spk=162; all agreement rows 0.3697 [0.3073, 0.4269] n=2668 spk=162","Matcher paired it with the Pitt conflict arm. 0.39 is the gap with distinct agreement segments (the Table 2 convention); with all 1,334 agreement rows it is 0.37.","A second sentiment scorer selects 1,334 pairs, on which the conflict arm scores 0.46 and stays 0.39 below the agreement arm."
added_23sep,226,L226_670,5.0,0.8032,<local data dir>/release/omni_final/omni_pitt_nested_repeats.json,MISPAIRING,yes,"LoRA trainable parameters (r 8 on q, k, v, o of 28 LM layers)",edaic_rerun/part16/POD2/lora_pitt_params.json; arithmetic from the Qwen2.5-Omni-7B config.json,"json 5,046,272; arithmetic 28 x 8 x ((3584+3584)+(3584+512)x2+(3584+3584)) = 5,046,272","Matcher paired a parameter count (millions) with an AUC. 5,046,272 = 5.0 M.","LoRA on the language model, with 5.0 M trainable parameters against 4.6 M for the projector, reaches 0.83 on Pitt and 0.55 on its conflict segments."
added_23sep,226,L226_706,4.6,0.8032,<local data dir>/release/omni_final/omni_pitt_nested_repeats.json,MISPAIRING,yes,projector trainable parameters (Linear 1280 to 3584 with bias),edaic_rerun/part16/POD2/lora_pitt_params.json; arithmetic from config.json,"json 4,591,104; arithmetic 1280 x 3584 + 3584 = 4,591,104","Matcher paired a parameter count with an AUC. 4,591,104 = 4.6 M.","LoRA on the language model, with 5.0 M trainable parameters against 4.6 M for the projector, reaches 0.83 on Pitt and 0.55 on its conflict segments."
other,97,L97_361,0.92,0.7082,<local data dir>/release/edaic_rerun/pitt_all_segments.csv,REAL,no,speaking rate alone as a dementia predictor on the Pitt segments,edaic_rerun/pitt_all_segments.csv (column rate); build_ad_conflict.py comment,"all 708 0.6970 [0.6407, 0.7495] n=708 spk=266 (raw 0.3030); kept 468 0.7082 [0.6387, 0.7688] n=468 spk=228 (raw 0.2918)","No result file gives 0.92. Speaking rate alone gives 0.70 (all 708) and 0.71 (kept 468), direction free. 0.92 appears only in a code comment of build_ad_conflict.py ('caught by the validity battery at AUC 0.92'), with no output file behind it, and that comment describes a rate shortcut in the selected arm, not rate alone. Fix: 0.70, or drop the number.","For Alzheimer's disease, we score the words of each segment in Pitt database with a logistic regression trained on six fluency markers from the CHAT transcription codes : type token ratio, retraces, fillers, unintelligible tokens, errors and pauses, with speaking rate excluded because it alone reaches 0.92 and would make the split trivial."
other,172,L172_48,0.61,0.6169,<local data dir>/release/overnight2/part3/af3_pitt.csv,MISPAIRING (file copy),"yes, if part10 is the release copy","Audio Flamingo 3 zero shot, Pitt conflict arm","overnight2/part10/af3_pitt.csv (paper) vs overnight2/part3/af3_pitt.csv (matcher, master_lookup canonical)","part10 0.6075 [0.5063, 0.7129] n=146 spk=100; part3 0.6169 [0.5188, 0.7209] n=146 spk=100","Right quantity, different copy of the same run. The paper's 0.61 is the part10 copy (0.61); the matcher used the part3 copy (0.62). Part 20 POD4c re-scored 10 Pitt windows and reproduced part10 exactly, not part3 (DISCREPANCIES.md). Decide which copy ships in the release; if part10, update master_lookup so the matcher stops flagging it.",Audio Flamingo 3 | Alzheimer's Conflict :: Audio Flamingo 3 & 0.42 & 0.81 & 0.61 & 0.59
other,172,L172_55,0.59,0.5822,<local data dir>/release/overnight2/part3/af3_pitt.csv,MISPAIRING (file copy),"yes, if part10 is the release copy","Audio Flamingo 3 zero shot, Pitt agreement arm","overnight2/part10/af3_pitt.csv (paper) vs overnight2/part3/af3_pitt.csv (matcher, master_lookup canonical)","part10 0.5855 [0.5144, 0.6554] n=322 spk=175; part3 0.5822 [0.5080, 0.6528] n=322 spk=175","Right quantity, different copy of the same run. The paper's 0.59 is the part10 copy (0.59); the matcher used the part3 copy (0.58). Part 20 POD4c re-scored 10 Pitt windows and reproduced part10 exactly, not part3 (DISCREPANCIES.md). Decide which copy ships in the release; if part10, update master_lookup so the matcher stops flagging it.",Audio Flamingo 3 | Alzheimer's Agree. :: Audio Flamingo 3 & 0.42 & 0.81 & 0.61 & 0.59
